# Extended intersection matrices for v6 multi-target externals
# Format: header line then N×N matrix
# Header: T  det  sig+  sig-  sig0  N  ext_si  num_targets  type
# Total: 695 bases

# 0
2 1 1 2 0 4 -5 1 U
-1 1 1 1
1 -1 0 1
1 0 -5 -3
1 1 -3 7

# 1
2 4 1 2 0 4 -5 2 N
-1 1 1 1
1 -1 1 1
1 1 -5 -3
1 1 -3 7

# 2
2 1 1 2 0 4 -6 1 U
-1 1 1 1
1 -1 0 1
1 0 -6 -4
1 1 -4 7

# 3
2 4 1 2 0 4 -6 2 N
-1 1 1 1
1 -1 1 1
1 1 -6 -4
1 1 -4 7

# 4
2 1 1 2 0 4 -7 1 U
-1 1 1 1
1 -1 0 1
1 0 -7 -5
1 1 -5 7

# 5
2 4 1 2 0 4 -7 2 N
-1 1 1 1
1 -1 1 1
1 1 -7 -5
1 1 -5 7

# 6
2 1 1 2 0 4 -8 1 U
-1 1 1 1
1 -1 0 1
1 0 -8 -6
1 1 -6 7

# 7
2 4 1 2 0 4 -8 2 N
-1 1 1 1
1 -1 1 1
1 1 -8 -6
1 1 -6 7

# 8
2 1 1 2 0 4 -12 1 U
-1 1 1 1
1 -1 0 1
1 0 -12 -10
1 1 -10 7

# 9
2 4 1 2 0 4 -12 2 N
-1 1 1 1
1 -1 1 1
1 1 -12 -10
1 1 -10 7

# 10
3 -4 1 3 0 5 -5 1 N
-2 1 0 0 0
1 -1 1 1 1
0 1 -2 0 0
0 1 0 -5 -3
0 1 0 -3 6

# 11
3 -4 1 3 0 5 -5 2 N
-1 1 0 1 1
1 -2 1 0 0
0 1 -1 1 1
1 0 1 -5 -3
1 0 1 -3 6

# 12
3 -1 1 3 0 5 -5 1 U
-1 1 0 1 1
1 -2 1 0 0
0 1 -1 0 1
1 0 0 -5 -3
1 0 1 -3 6

# 13
3 -4 1 3 0 5 -6 1 N
-2 1 0 0 0
1 -1 1 1 1
0 1 -2 0 0
0 1 0 -6 -4
0 1 0 -4 6

# 14
3 -4 1 3 0 5 -6 2 N
-1 1 0 1 1
1 -2 1 0 0
0 1 -1 1 1
1 0 1 -6 -4
1 0 1 -4 6

# 15
3 -1 1 3 0 5 -6 1 U
-1 1 0 1 1
1 -2 1 0 0
0 1 -1 0 1
1 0 0 -6 -4
1 0 1 -4 6

# 16
3 -4 1 3 0 5 -7 1 N
-2 1 0 0 0
1 -1 1 1 1
0 1 -2 0 0
0 1 0 -7 -5
0 1 0 -5 6

# 17
3 -4 1 3 0 5 -7 2 N
-1 1 0 1 1
1 -2 1 0 0
0 1 -1 1 1
1 0 1 -7 -5
1 0 1 -5 6

# 18
3 -1 1 3 0 5 -7 1 U
-1 1 0 1 1
1 -2 1 0 0
0 1 -1 0 1
1 0 0 -7 -5
1 0 1 -5 6

# 19
3 -4 1 3 0 5 -8 1 N
-2 1 0 0 0
1 -1 1 1 1
0 1 -2 0 0
0 1 0 -8 -6
0 1 0 -6 6

# 20
3 -4 1 3 0 5 -8 2 N
-1 1 0 1 1
1 -2 1 0 0
0 1 -1 1 1
1 0 1 -8 -6
1 0 1 -6 6

# 21
3 -1 1 3 0 5 -8 1 U
-1 1 0 1 1
1 -2 1 0 0
0 1 -1 0 1
1 0 0 -8 -6
1 0 1 -6 6

# 22
3 -4 1 3 0 5 -12 1 N
-2 1 0 0 0
1 -1 1 1 1
0 1 -2 0 0
0 1 0 -12 -10
0 1 0 -10 6

# 23
3 -4 1 3 0 5 -12 2 N
-1 1 0 1 1
1 -2 1 0 0
0 1 -1 1 1
1 0 1 -12 -10
1 0 1 -10 6

# 24
3 -1 1 3 0 5 -12 1 U
-1 1 0 1 1
1 -2 1 0 0
0 1 -1 0 1
1 0 0 -12 -10
1 0 1 -10 6

# 25
4 1 1 4 0 6 -5 1 U
-1 1 0 0 1 1
1 -3 1 1 0 -1
0 1 -1 0 0 1
0 1 0 -1 0 1
1 0 0 0 -5 -3
1 -1 1 1 -3 5

# 26
4 1 1 4 0 6 -5 1 U
-1 1 0 1 0 1
1 -3 1 0 0 -1
0 1 -1 0 1 1
1 0 0 -2 0 0
0 0 1 0 -5 -3
1 -1 1 0 -3 5

# 27
4 1 1 4 0 6 -5 1 U
-1 1 0 0 1 1
1 -2 1 0 0 0
0 1 -2 1 0 0
0 0 1 -1 0 1
1 0 0 0 -5 -3
1 0 0 1 -3 5

# 28
4 4 1 4 0 6 -5 2 N
-1 1 0 0 1 1
1 -2 1 0 0 0
0 1 -2 1 0 0
0 0 1 -1 1 1
1 0 0 1 -5 -3
1 0 0 1 -3 5

# 29
4 4 1 4 0 6 -5 2 N
-1 1 0 0 1 1
1 -3 1 1 0 -1
0 1 -1 0 1 1
0 1 0 -1 0 1
1 0 1 0 -5 -3
1 -1 1 1 -3 5

# 30
4 4 1 4 0 6 -5 1 N
-2 1 1 1 0 0
1 -1 0 0 1 1
1 0 -2 0 0 0
1 0 0 -2 0 0
0 1 0 0 -5 -3
0 1 0 0 -3 5

# 31
4 4 1 4 0 6 -5 1 N
-1 1 0 1 1 1
1 -3 1 0 0 -1
0 1 -1 0 0 1
1 0 0 -2 0 0
1 0 0 0 -5 -3
1 -1 1 0 -3 5

# 32
4 9 1 4 0 6 -5 3 N
-1 1 0 0 1 1
1 -3 1 1 0 -1
0 1 -1 0 1 1
0 1 0 -1 1 1
1 0 1 1 -5 -3
1 -1 1 1 -3 5

# 33
4 9 1 4 0 6 -5 2 N
-1 1 0 1 1 1
1 -3 1 0 0 -1
0 1 -1 0 1 1
1 0 0 -2 0 0
1 0 1 0 -5 -3
1 -1 1 0 -3 5

# 34
4 9 1 4 0 6 -5 1 N
-2 1 0 0 0 0
1 -2 1 0 0 0
0 1 -1 1 1 1
0 0 1 -3 0 -1
0 0 1 0 -5 -3
0 0 1 -1 -3 5

# 35
4 1 1 4 0 6 -6 1 U
-1 1 0 1 0 1
1 -3 1 0 0 -1
0 1 -1 0 1 1
1 0 0 -2 0 0
0 0 1 0 -6 -4
1 -1 1 0 -4 5

# 36
4 1 1 4 0 6 -6 1 U
-1 1 0 0 1 1
1 -2 1 0 0 0
0 1 -2 1 0 0
0 0 1 -1 0 1
1 0 0 0 -6 -4
1 0 0 1 -4 5

# 37
4 1 1 4 0 6 -6 1 U
-1 1 0 0 1 1
1 -3 1 1 0 -1
0 1 -1 0 0 1
0 1 0 -1 0 1
1 0 0 0 -6 -4
1 -1 1 1 -4 5

# 38
4 4 1 4 0 6 -6 1 N
-2 1 1 1 0 0
1 -1 0 0 1 1
1 0 -2 0 0 0
1 0 0 -2 0 0
0 1 0 0 -6 -4
0 1 0 0 -4 5

# 39
4 4 1 4 0 6 -6 1 N
-1 1 0 1 1 1
1 -3 1 0 0 -1
0 1 -1 0 0 1
1 0 0 -2 0 0
1 0 0 0 -6 -4
1 -1 1 0 -4 5

# 40
4 4 1 4 0 6 -6 2 N
-1 1 0 0 1 1
1 -3 1 1 0 -1
0 1 -1 0 1 1
0 1 0 -1 0 1
1 0 1 0 -6 -4
1 -1 1 1 -4 5

# 41
4 4 1 4 0 6 -6 2 N
-1 1 0 0 1 1
1 -2 1 0 0 0
0 1 -2 1 0 0
0 0 1 -1 1 1
1 0 0 1 -6 -4
1 0 0 1 -4 5

# 42
4 9 1 4 0 6 -6 1 N
-2 1 0 0 0 0
1 -2 1 0 0 0
0 1 -1 1 1 1
0 0 1 -3 0 -1
0 0 1 0 -6 -4
0 0 1 -1 -4 5

# 43
4 9 1 4 0 6 -6 3 N
-1 1 0 0 1 1
1 -3 1 1 0 -1
0 1 -1 0 1 1
0 1 0 -1 1 1
1 0 1 1 -6 -4
1 -1 1 1 -4 5

# 44
4 9 1 4 0 6 -6 2 N
-1 1 0 1 1 1
1 -3 1 0 0 -1
0 1 -1 0 1 1
1 0 0 -2 0 0
1 0 1 0 -6 -4
1 -1 1 0 -4 5

# 45
4 1 1 4 0 6 -7 1 U
-1 1 0 0 1 1
1 -2 1 0 0 0
0 1 -2 1 0 0
0 0 1 -1 0 1
1 0 0 0 -7 -5
1 0 0 1 -5 5

# 46
4 4 1 4 0 6 -7 1 N
-2 1 1 1 0 0
1 -1 0 0 1 1
1 0 -2 0 0 0
1 0 0 -2 0 0
0 1 0 0 -7 -5
0 1 0 0 -5 5

# 47
4 4 1 4 0 6 -7 2 N
-1 1 0 0 1 1
1 -2 1 0 0 0
0 1 -2 1 0 0
0 0 1 -1 1 1
1 0 0 1 -7 -5
1 0 0 1 -5 5

# 48
4 1 1 4 0 6 -8 1 U
-1 1 0 0 1 1
1 -2 1 0 0 0
0 1 -2 1 0 0
0 0 1 -1 0 1
1 0 0 0 -8 -6
1 0 0 1 -6 5

# 49
4 4 1 4 0 6 -8 2 N
-1 1 0 0 1 1
1 -2 1 0 0 0
0 1 -2 1 0 0
0 0 1 -1 1 1
1 0 0 1 -8 -6
1 0 0 1 -6 5

# 50
4 4 1 4 0 6 -8 1 N
-2 1 1 1 0 0
1 -1 0 0 1 1
1 0 -2 0 0 0
1 0 0 -2 0 0
0 1 0 0 -8 -6
0 1 0 0 -6 5

# 51
4 1 1 4 0 6 -12 1 U
-1 1 0 0 1 1
1 -2 1 0 0 0
0 1 -2 1 0 0
0 0 1 -1 0 1
1 0 0 0 -12 -10
1 0 0 1 -10 5

# 52
4 4 1 4 0 6 -12 1 N
-2 1 1 1 0 0
1 -1 0 0 1 1
1 0 -2 0 0 0
1 0 0 -2 0 0
0 1 0 0 -12 -10
0 1 0 0 -10 5

# 53
4 4 1 4 0 6 -12 2 N
-1 1 0 0 1 1
1 -2 1 0 0 0
0 1 -2 1 0 0
0 0 1 -1 1 1
1 0 0 1 -12 -10
1 0 0 1 -10 5

# 54
5 -9 1 5 0 7 -5 2 N
-1 1 0 0 1 1 1
1 -3 1 0 0 0 -1
0 1 -2 1 0 0 0
0 0 1 -1 0 1 1
1 0 0 0 -2 0 0
1 0 0 1 0 -5 -3
1 -1 0 1 0 -3 4

# 55
5 -9 1 5 0 7 -5 3 N
-1 1 0 0 0 1 1
1 -3 1 0 1 0 -1
0 1 -2 1 0 0 0
0 0 1 -1 0 1 1
0 1 0 0 -1 1 1
1 0 0 1 1 -5 -3
1 -1 0 1 1 -3 4

# 56
5 -9 1 5 0 7 -5 2 N
-1 1 0 0 0 1 1
1 -3 1 0 0 0 -1
0 1 -2 1 1 0 0
0 0 1 -1 0 1 1
0 0 1 0 -2 0 0
1 0 0 1 0 -5 -3
1 -1 0 1 0 -3 4

# 57
5 -4 1 5 0 7 -5 1 N
-1 1 0 0 1 1 1
1 -3 1 0 0 0 -1
0 1 -2 1 0 0 0
0 0 1 -1 0 0 1
1 0 0 0 -2 0 0
1 0 0 0 0 -5 -3
1 -1 0 1 0 -3 4

# 58
5 -4 1 5 0 7 -5 1 N
-2 1 0 1 1 0 0
1 -2 1 0 0 0 0
0 1 -1 0 0 1 1
1 0 0 -2 0 0 0
1 0 0 0 -2 0 0
0 0 1 0 0 -5 -3
0 0 1 0 0 -3 4

# 59
5 -4 1 5 0 7 -5 1 N
-2 0 1 0 0 0 0
0 -1 1 0 1 0 1
1 1 -3 1 0 0 -1
0 0 1 -1 0 1 1
0 1 0 0 -3 0 -1
0 0 0 1 0 -5 -3
0 1 -1 1 -1 -3 4

# 60
5 -4 1 5 0 7 -5 2 N
-1 1 0 0 0 1 1
1 -3 1 0 1 0 -1
0 1 -2 1 0 0 0
0 0 1 -1 0 1 1
0 1 0 0 -1 0 1
1 0 0 1 0 -5 -3
1 -1 0 1 1 -3 4

# 61
5 -4 1 5 0 7 -5 2 N
-1 1 0 0 0 1 1
1 -3 1 0 1 0 -1
0 1 -2 1 0 0 0
0 0 1 -1 0 0 1
0 1 0 0 -1 1 1
1 0 0 0 1 -5 -3
1 -1 0 1 1 -3 4

# 62
5 -4 1 5 0 7 -5 2 N
-3 1 0 0 1 0 -1
1 -1 1 0 0 0 1
0 1 -3 1 0 0 -1
0 0 1 -1 0 1 1
1 0 0 0 -1 1 1
0 0 0 1 1 -5 -3
-1 1 -1 1 1 -3 4

# 63
5 -4 1 5 0 7 -5 1 N
-1 1 0 0 0 0 1
1 -3 1 0 0 0 -1
0 1 -2 1 1 0 0
0 0 1 -1 0 1 1
0 0 1 0 -2 0 0
0 0 0 1 0 -5 -3
1 -1 0 1 0 -3 4

# 64
5 -4 1 5 0 7 -5 2 N
-1 1 0 0 0 1 1
1 -2 1 0 0 0 0
0 1 -2 1 0 0 0
0 0 1 -2 1 0 0
0 0 0 1 -1 1 1
1 0 0 0 1 -5 -3
1 0 0 0 1 -3 4

# 65
5 -1 1 5 0 7 -5 1 U
-1 1 0 0 0 1 1
1 -2 1 0 0 0 0
0 1 -2 1 0 0 0
0 0 1 -2 1 0 0
0 0 0 1 -1 0 1
1 0 0 0 0 -5 -3
1 0 0 0 1 -3 4

# 66
5 -1 1 5 0 7 -5 1 U
-1 1 0 0 0 1 1
1 -3 1 0 0 0 -1
0 1 -2 1 0 0 0
0 0 1 -1 1 0 1
0 0 0 1 -3 0 -1
1 0 0 0 0 -5 -3
1 -1 0 1 -1 -3 4

# 67
5 -1 1 5 0 7 -5 1 U
-1 1 0 0 0 1 1
1 -3 1 0 0 0 -1
0 1 -2 1 1 0 0
0 0 1 -1 0 0 1
0 0 1 0 -2 0 0
1 0 0 0 0 -5 -3
1 -1 0 1 0 -3 4

# 68
5 -1 1 5 0 7 -5 1 U
-1 1 0 0 0 0 1
1 -3 1 0 1 0 -1
0 1 -2 1 0 0 0
0 0 1 -1 0 1 1
0 1 0 0 -1 0 1
0 0 0 1 0 -5 -3
1 -1 0 1 1 -3 4

# 69
5 -1 1 5 0 7 -5 1 U
-1 1 0 0 0 1 1
1 -3 1 0 1 0 -1
0 1 -2 1 0 0 0
0 0 1 -1 0 0 1
0 1 0 0 -1 0 1
1 0 0 0 0 -5 -3
1 -1 0 1 1 -3 4

# 70
5 -1 1 5 0 7 -5 1 U
-1 1 0 0 1 0 1
1 -3 1 0 0 0 -1
0 1 -2 1 0 0 0
0 0 1 -1 0 1 1
1 0 0 0 -2 0 0
0 0 0 1 0 -5 -3
1 -1 0 1 0 -3 4

# 71
5 -1 1 5 0 7 -5 1 U
-3 1 0 0 1 0 -1
1 -1 1 0 0 0 1
0 1 -3 1 0 0 -1
0 0 1 -1 0 1 1
1 0 0 0 -1 0 1
0 0 0 1 0 -5 -3
-1 1 -1 1 1 -3 4

# 72
5 -4 1 5 0 7 -6 1 N
-2 1 0 1 1 0 0
1 -2 1 0 0 0 0
0 1 -1 0 0 1 1
1 0 0 -2 0 0 0
1 0 0 0 -2 0 0
0 0 1 0 0 -6 -4
0 0 1 0 0 -4 4

# 73
5 -4 1 5 0 7 -6 2 N
-3 1 0 0 1 0 -1
1 -1 1 0 0 0 1
0 1 -3 1 0 0 -1
0 0 1 -1 0 1 1
1 0 0 0 -1 1 1
0 0 0 1 1 -6 -4
-1 1 -1 1 1 -4 4

# 74
5 -4 1 5 0 7 -6 1 N
-1 1 0 0 0 0 1
1 -3 1 0 0 0 -1
0 1 -2 1 1 0 0
0 0 1 -1 0 1 1
0 0 1 0 -2 0 0
0 0 0 1 0 -6 -4
1 -1 0 1 0 -4 4

# 75
5 -4 1 5 0 7 -6 2 N
-1 1 0 0 0 1 1
1 -2 1 0 0 0 0
0 1 -2 1 0 0 0
0 0 1 -2 1 0 0
0 0 0 1 -1 1 1
1 0 0 0 1 -6 -4
1 0 0 0 1 -4 4

# 76
5 -1 1 5 0 7 -6 1 U
-1 1 0 0 1 0 1
1 -3 1 0 0 0 -1
0 1 -2 1 0 0 0
0 0 1 -1 0 1 1
1 0 0 0 -2 0 0
0 0 0 1 0 -6 -4
1 -1 0 1 0 -4 4

# 77
5 -1 1 5 0 7 -6 1 U
-3 1 0 0 1 0 -1
1 -1 1 0 0 0 1
0 1 -3 1 0 0 -1
0 0 1 -1 0 1 1
1 0 0 0 -1 0 1
0 0 0 1 0 -6 -4
-1 1 -1 1 1 -4 4

# 78
5 -1 1 5 0 7 -6 1 U
-1 1 0 0 0 0 1
1 -3 1 0 1 0 -1
0 1 -2 1 0 0 0
0 0 1 -1 0 1 1
0 1 0 0 -1 0 1
0 0 0 1 0 -6 -4
1 -1 0 1 1 -4 4

# 79
5 -1 1 5 0 7 -6 1 U
-1 1 0 0 0 1 1
1 -2 1 0 0 0 0
0 1 -2 1 0 0 0
0 0 1 -2 1 0 0
0 0 0 1 -1 0 1
1 0 0 0 0 -6 -4
1 0 0 0 1 -4 4

# 80
5 -4 1 5 0 7 -7 1 N
-2 1 0 1 1 0 0
1 -2 1 0 0 0 0
0 1 -1 0 0 1 1
1 0 0 -2 0 0 0
1 0 0 0 -2 0 0
0 0 1 0 0 -7 -5
0 0 1 0 0 -5 4

# 81
5 -4 1 5 0 7 -7 1 N
-1 1 0 0 0 0 1
1 -3 1 0 0 0 -1
0 1 -2 1 1 0 0
0 0 1 -1 0 1 1
0 0 1 0 -2 0 0
0 0 0 1 0 -7 -5
1 -1 0 1 0 -5 4

# 82
5 -4 1 5 0 7 -7 2 N
-1 1 0 0 0 1 1
1 -2 1 0 0 0 0
0 1 -2 1 0 0 0
0 0 1 -2 1 0 0
0 0 0 1 -1 1 1
1 0 0 0 1 -7 -5
1 0 0 0 1 -5 4

# 83
5 -1 1 5 0 7 -7 1 U
-1 1 0 0 1 0 1
1 -3 1 0 0 0 -1
0 1 -2 1 0 0 0
0 0 1 -1 0 1 1
1 0 0 0 -2 0 0
0 0 0 1 0 -7 -5
1 -1 0 1 0 -5 4

# 84
5 -1 1 5 0 7 -7 1 U
-1 1 0 0 0 0 1
1 -3 1 0 1 0 -1
0 1 -2 1 0 0 0
0 0 1 -1 0 1 1
0 1 0 0 -1 0 1
0 0 0 1 0 -7 -5
1 -1 0 1 1 -5 4

# 85
5 -1 1 5 0 7 -7 1 U
-1 1 0 0 0 1 1
1 -2 1 0 0 0 0
0 1 -2 1 0 0 0
0 0 1 -2 1 0 0
0 0 0 1 -1 0 1
1 0 0 0 0 -7 -5
1 0 0 0 1 -5 4

# 86
5 -4 1 5 0 7 -8 2 N
-1 1 0 0 0 1 1
1 -2 1 0 0 0 0
0 1 -2 1 0 0 0
0 0 1 -2 1 0 0
0 0 0 1 -1 1 1
1 0 0 0 1 -8 -6
1 0 0 0 1 -6 4

# 87
5 -4 1 5 0 7 -8 1 N
-2 1 0 1 1 0 0
1 -2 1 0 0 0 0
0 1 -1 0 0 1 1
1 0 0 -2 0 0 0
1 0 0 0 -2 0 0
0 0 1 0 0 -8 -6
0 0 1 0 0 -6 4

# 88
5 -4 1 5 0 7 -8 1 N
-1 1 0 0 0 0 1
1 -3 1 0 0 0 -1
0 1 -2 1 1 0 0
0 0 1 -1 0 1 1
0 0 1 0 -2 0 0
0 0 0 1 0 -8 -6
1 -1 0 1 0 -6 4

# 89
5 -1 1 5 0 7 -8 1 U
-1 1 0 0 1 0 1
1 -3 1 0 0 0 -1
0 1 -2 1 0 0 0
0 0 1 -1 0 1 1
1 0 0 0 -2 0 0
0 0 0 1 0 -8 -6
1 -1 0 1 0 -6 4

# 90
5 -1 1 5 0 7 -8 1 U
-1 1 0 0 0 0 1
1 -3 1 0 1 0 -1
0 1 -2 1 0 0 0
0 0 1 -1 0 1 1
0 1 0 0 -1 0 1
0 0 0 1 0 -8 -6
1 -1 0 1 1 -6 4

# 91
5 -1 1 5 0 7 -8 1 U
-1 1 0 0 0 1 1
1 -2 1 0 0 0 0
0 1 -2 1 0 0 0
0 0 1 -2 1 0 0
0 0 0 1 -1 0 1
1 0 0 0 0 -8 -6
1 0 0 0 1 -6 4

# 92
5 -4 1 5 0 7 -12 1 N
-2 1 0 1 1 0 0
1 -2 1 0 0 0 0
0 1 -1 0 0 1 1
1 0 0 -2 0 0 0
1 0 0 0 -2 0 0
0 0 1 0 0 -12 -10
0 0 1 0 0 -10 4

# 93
5 -4 1 5 0 7 -12 2 N
-1 1 0 0 0 1 1
1 -2 1 0 0 0 0
0 1 -2 1 0 0 0
0 0 1 -2 1 0 0
0 0 0 1 -1 1 1
1 0 0 0 1 -12 -10
1 0 0 0 1 -10 4

# 94
5 -1 1 5 0 7 -12 1 U
-1 1 0 0 0 1 1
1 -2 1 0 0 0 0
0 1 -2 1 0 0 0
0 0 1 -2 1 0 0
0 0 0 1 -1 0 1
1 0 0 0 0 -12 -10
1 0 0 0 1 -10 4

# 95
6 1 1 6 0 8 -5 1 U
-1 1 0 0 0 0 0 1
1 -3 1 0 0 1 0 -1
0 1 -2 1 0 0 0 0
0 0 1 -2 1 0 0 0
0 0 0 1 -1 0 1 1
0 1 0 0 0 -1 0 1
0 0 0 0 1 0 -5 -3
1 -1 0 0 1 1 -3 3

# 96
6 1 1 6 0 8 -5 1 U
-4 1 0 0 0 1 0 -2
1 -1 0 0 0 0 0 1
0 0 -1 1 0 0 1 1
0 0 1 -3 1 0 0 -1
0 0 0 1 -2 1 0 0
1 0 0 0 1 -1 0 1
0 0 1 0 0 0 -5 -3
-2 1 1 -1 0 1 -3 3

# 97
6 1 1 6 0 8 -5 1 U
-4 0 1 0 0 1 0 -2
0 -2 1 0 0 0 0 0
1 1 -1 0 0 0 0 1
0 0 0 -1 1 0 1 1
0 0 0 1 -3 1 0 -1
1 0 0 0 1 -1 0 1
0 0 0 1 0 0 -5 -3
-2 0 1 1 -1 1 -3 3

# 98
6 1 1 6 0 8 -5 1 U
-4 1 1 0 0 1 0 -2
1 -1 0 0 0 0 0 1
1 0 -1 0 0 0 0 1
0 0 0 -1 1 0 1 1
0 0 0 1 -3 1 0 -1
1 0 0 0 1 -1 0 1
0 0 0 1 0 0 -5 -3
-2 1 1 1 -1 1 -3 3

# 99
6 1 1 6 0 8 -5 1 U
-1 1 0 0 0 0 1 1
1 -3 1 0 0 1 0 -1
0 1 -2 1 0 0 0 0
0 0 1 -2 1 0 0 0
0 0 0 1 -1 0 0 1
0 1 0 0 0 -1 0 1
1 0 0 0 0 0 -5 -3
1 -1 0 0 1 1 -3 3

# 100
6 1 1 6 0 8 -5 1 U
-1 1 0 0 0 1 0 1
1 -3 1 0 0 0 0 -1
0 1 -2 1 0 0 0 0
0 0 1 -2 1 0 0 0
0 0 0 1 -1 0 1 1
1 0 0 0 0 -2 0 0
0 0 0 0 1 0 -5 -3
1 -1 0 0 1 0 -3 3

# 101
6 1 1 6 0 8 -5 1 U
-1 1 0 0 0 0 1 1
1 -2 1 0 0 0 0 0
0 1 -3 1 0 1 0 -1
0 0 1 -2 1 0 0 0
0 0 0 1 -1 0 0 1
0 0 1 0 0 -1 0 1
1 0 0 0 0 0 -5 -3
1 0 -1 0 1 1 -3 3

# 102
6 1 1 6 0 8 -5 1 U
-3 1 0 0 0 1 0 -1
1 -1 1 0 0 0 0 1
0 1 -3 1 0 0 0 -1
0 0 1 -2 1 0 0 0
0 0 0 1 -1 0 0 1
1 0 0 0 0 -1 1 1
0 0 0 0 0 1 -5 -3
-1 1 -1 0 1 1 -3 3

# 103
6 1 1 6 0 8 -5 1 U
-1 1 0 0 0 1 0 1
1 -2 1 0 0 0 0 0
0 1 -3 1 0 0 0 -1
0 0 1 -2 1 0 0 0
0 0 0 1 -1 0 1 1
1 0 0 0 0 -3 0 -1
0 0 0 0 1 0 -5 -3
1 0 -1 0 1 -1 -3 3

# 104
6 1 1 6 0 8 -5 1 U
-4 0 0 0 1 0 0 -2
0 -3 1 0 0 1 0 -1
0 1 -2 1 0 0 0 0
0 0 1 -2 1 0 0 0
1 0 0 1 -1 0 0 1
0 1 0 0 0 -1 1 1
0 0 0 0 0 1 -5 -3
-2 -1 0 0 1 1 -3 3

# 105
6 1 1 6 0 8 -5 1 U
-3 1 0 0 0 1 0 -1
1 -1 1 0 0 0 0 1
0 1 -3 1 0 0 0 -1
0 0 1 -2 1 0 0 0
0 0 0 1 -1 0 1 1
1 0 0 0 0 -1 0 1
0 0 0 0 1 0 -5 -3
-1 1 -1 0 1 1 -3 3

# 106
6 1 1 6 0 8 -5 1 U
-1 1 0 0 0 0 1 1
1 -2 1 0 0 0 0 0
0 1 -2 1 0 0 0 0
0 0 1 -2 1 0 0 0
0 0 0 1 -2 1 0 0
0 0 0 0 1 -1 0 1
1 0 0 0 0 0 -5 -3
1 0 0 0 0 1 -3 3

# 107
6 4 1 6 0 8 -5 1 N
-4 1 0 0 0 1 0 -2
1 -1 0 0 0 0 0 1
0 0 -2 0 1 0 0 0
0 0 0 -1 1 0 1 1
0 0 1 1 -3 1 0 -1
1 0 0 0 1 -1 0 1
0 0 0 1 0 0 -5 -3
-2 1 0 1 -1 1 -3 3

# 108
6 4 1 6 0 8 -5 2 N
-1 1 0 0 0 0 1 1
1 -2 1 0 0 0 0 0
0 1 -2 1 0 0 0 0
0 0 1 -2 1 0 0 0
0 0 0 1 -2 1 0 0
0 0 0 0 1 -1 1 1
1 0 0 0 0 1 -5 -3
1 0 0 0 0 1 -3 3

# 109
6 4 1 6 0 8 -5 1 N
-1 1 0 0 0 0 1 1
1 -2 0 1 0 0 0 0
0 0 -2 1 0 0 0 0
0 1 1 -3 1 0 0 -1
0 0 0 1 -1 1 0 1
0 0 0 0 1 -3 0 -1
1 0 0 0 0 0 -5 -3
1 0 0 -1 1 -1 -3 3

# 110
6 4 1 6 0 8 -5 2 N
-3 1 0 0 0 1 0 -1
1 -1 1 0 0 0 0 1
0 1 -3 1 0 0 0 -1
0 0 1 -2 1 0 0 0
0 0 0 1 -1 0 1 1
1 0 0 0 0 -1 1 1
0 0 0 0 1 1 -5 -3
-1 1 -1 0 1 1 -3 3

# 111
6 4 1 6 0 8 -5 1 N
-2 1 0 0 0 0 0 0
1 -3 1 0 0 1 0 -1
0 1 -1 1 0 0 0 1
0 0 1 -3 1 0 0 -1
0 0 0 1 -1 0 1 1
0 1 0 0 0 -2 0 0
0 0 0 0 1 0 -5 -3
0 -1 1 -1 1 0 -3 3

# 112
6 4 1 6 0 8 -5 1 N
-1 1 0 0 0 1 1 1
1 -3 1 0 0 0 0 -1
0 1 -2 1 0 0 0 0
0 0 1 -2 1 0 0 0
0 0 0 1 -1 0 0 1
1 0 0 0 0 -2 0 0
1 0 0 0 0 0 -5 -3
1 -1 0 0 1 0 -3 3

# 113
6 4 1 6 0 8 -5 1 N
-2 1 0 0 1 1 0 0
1 -2 1 0 0 0 0 0
0 1 -2 1 0 0 0 0
0 0 1 -1 0 0 1 1
1 0 0 0 -2 0 0 0
1 0 0 0 0 -2 0 0
0 0 0 1 0 0 -5 -3
0 0 0 1 0 0 -3 3

# 114
6 4 1 6 0 8 -5 2 N
-1 1 0 0 0 0 1 1
1 -3 1 0 0 1 0 -1
0 1 -2 1 0 0 0 0
0 0 1 -2 1 0 0 0
0 0 0 1 -1 0 0 1
0 1 0 0 0 -1 1 1
1 0 0 0 0 1 -5 -3
1 -1 0 0 1 1 -3 3

# 115
6 4 1 6 0 8 -5 2 N
-1 1 0 0 0 0 1 1
1 -3 1 0 0 1 0 -1
0 1 -2 1 0 0 0 0
0 0 1 -2 1 0 0 0
0 0 0 1 -1 0 1 1
0 1 0 0 0 -1 0 1
1 0 0 0 1 0 -5 -3
1 -1 0 0 1 1 -3 3

# 116
6 4 1 6 0 8 -5 2 N
-1 1 0 0 0 0 1 1
1 -2 1 0 0 0 0 0
0 1 -3 1 0 1 0 -1
0 0 1 -2 1 0 0 0
0 0 0 1 -1 0 1 1
0 0 1 0 0 -1 0 1
1 0 0 0 1 0 -5 -3
1 0 -1 0 1 1 -3 3

# 117
6 9 1 6 0 8 -5 1 N
-4 0 0 0 1 0 0 -2
0 -2 1 0 0 0 0 0
0 1 -2 1 0 0 0 0
0 0 1 -3 1 1 0 -1
1 0 0 1 -1 0 0 1
0 0 0 1 0 -1 1 1
0 0 0 0 0 1 -5 -3
-2 0 0 -1 1 1 -3 3

# 118
6 9 1 6 0 8 -5 2 N
-1 1 0 0 0 1 1 1
1 -3 1 0 0 0 0 -1
0 1 -2 1 0 0 0 0
0 0 1 -2 1 0 0 0
0 0 0 1 -1 0 1 1
1 0 0 0 0 -2 0 0
1 0 0 0 1 0 -5 -3
1 -1 0 0 1 0 -3 3

# 119
6 9 1 6 0 8 -5 3 N
-1 1 0 0 0 0 1 1
1 -3 1 0 0 1 0 -1
0 1 -2 1 0 0 0 0
0 0 1 -2 1 0 0 0
0 0 0 1 -1 0 1 1
0 1 0 0 0 -1 1 1
1 0 0 0 1 1 -5 -3
1 -1 0 0 1 1 -3 3

# 120
6 1 1 6 0 8 -6 1 U
-1 1 0 0 0 0 1 1
1 -2 1 0 0 0 0 0
0 1 -2 1 0 0 0 0
0 0 1 -2 1 0 0 0
0 0 0 1 -2 1 0 0
0 0 0 0 1 -1 0 1
1 0 0 0 0 0 -6 -4
1 0 0 0 0 1 -4 3

# 121
6 1 1 6 0 8 -6 1 U
-1 1 0 0 0 0 1 1
1 -2 1 0 0 0 0 0
0 1 -3 1 0 1 0 -1
0 0 1 -2 1 0 0 0
0 0 0 1 -1 0 0 1
0 0 1 0 0 -1 0 1
1 0 0 0 0 0 -6 -4
1 0 -1 0 1 1 -4 3

# 122
6 1 1 6 0 8 -6 1 U
-4 0 1 0 0 1 0 -2
0 -2 1 0 0 0 0 0
1 1 -1 0 0 0 0 1
0 0 0 -1 1 0 1 1
0 0 0 1 -3 1 0 -1
1 0 0 0 1 -1 0 1
0 0 0 1 0 0 -6 -4
-2 0 1 1 -1 1 -4 3

# 123
6 1 1 6 0 8 -6 1 U
-3 1 0 0 0 1 0 -1
1 -1 1 0 0 0 0 1
0 1 -3 1 0 0 0 -1
0 0 1 -2 1 0 0 0
0 0 0 1 -1 0 1 1
1 0 0 0 0 -1 0 1
0 0 0 0 1 0 -6 -4
-1 1 -1 0 1 1 -4 3

# 124
6 1 1 6 0 8 -6 1 U
-1 1 0 0 0 1 0 1
1 -2 1 0 0 0 0 0
0 1 -3 1 0 0 0 -1
0 0 1 -2 1 0 0 0
0 0 0 1 -1 0 1 1
1 0 0 0 0 -3 0 -1
0 0 0 0 1 0 -6 -4
1 0 -1 0 1 -1 -4 3

# 125
6 1 1 6 0 8 -6 1 U
-3 1 0 0 0 1 0 -1
1 -1 1 0 0 0 0 1
0 1 -3 1 0 0 0 -1
0 0 1 -2 1 0 0 0
0 0 0 1 -1 0 0 1
1 0 0 0 0 -1 1 1
0 0 0 0 0 1 -6 -4
-1 1 -1 0 1 1 -4 3

# 126
6 1 1 6 0 8 -6 1 U
-1 1 0 0 0 1 0 1
1 -3 1 0 0 0 0 -1
0 1 -2 1 0 0 0 0
0 0 1 -2 1 0 0 0
0 0 0 1 -1 0 1 1
1 0 0 0 0 -2 0 0
0 0 0 0 1 0 -6 -4
1 -1 0 0 1 0 -4 3

# 127
6 1 1 6 0 8 -6 1 U
-1 1 0 0 0 0 0 1
1 -3 1 0 0 1 0 -1
0 1 -2 1 0 0 0 0
0 0 1 -2 1 0 0 0
0 0 0 1 -1 0 1 1
0 1 0 0 0 -1 0 1
0 0 0 0 1 0 -6 -4
1 -1 0 0 1 1 -4 3

# 128
6 1 1 6 0 8 -6 1 U
-4 1 1 0 0 1 0 -2
1 -1 0 0 0 0 0 1
1 0 -1 0 0 0 0 1
0 0 0 -1 1 0 1 1
0 0 0 1 -3 1 0 -1
1 0 0 0 1 -1 0 1
0 0 0 1 0 0 -6 -4
-2 1 1 1 -1 1 -4 3

# 129
6 4 1 6 0 8 -6 2 N
-1 1 0 0 0 0 1 1
1 -2 1 0 0 0 0 0
0 1 -2 1 0 0 0 0
0 0 1 -2 1 0 0 0
0 0 0 1 -2 1 0 0
0 0 0 0 1 -1 1 1
1 0 0 0 0 1 -6 -4
1 0 0 0 0 1 -4 3

# 130
6 4 1 6 0 8 -6 2 N
-1 1 0 0 0 0 1 1
1 -2 1 0 0 0 0 0
0 1 -3 1 0 1 0 -1
0 0 1 -2 1 0 0 0
0 0 0 1 -1 0 1 1
0 0 1 0 0 -1 0 1
1 0 0 0 1 0 -6 -4
1 0 -1 0 1 1 -4 3

# 131
6 4 1 6 0 8 -6 1 N
-2 1 0 0 1 1 0 0
1 -2 1 0 0 0 0 0
0 1 -2 1 0 0 0 0
0 0 1 -1 0 0 1 1
1 0 0 0 -2 0 0 0
1 0 0 0 0 -2 0 0
0 0 0 1 0 0 -6 -4
0 0 0 1 0 0 -4 3

# 132
6 4 1 6 0 8 -6 1 N
-1 1 0 0 0 0 1 1
1 -2 0 1 0 0 0 0
0 0 -2 1 0 0 0 0
0 1 1 -3 1 0 0 -1
0 0 0 1 -1 1 0 1
0 0 0 0 1 -3 0 -1
1 0 0 0 0 0 -6 -4
1 0 0 -1 1 -1 -4 3

# 133
6 4 1 6 0 8 -6 2 N
-3 1 0 0 0 1 0 -1
1 -1 1 0 0 0 0 1
0 1 -3 1 0 0 0 -1
0 0 1 -2 1 0 0 0
0 0 0 1 -1 0 1 1
1 0 0 0 0 -1 1 1
0 0 0 0 1 1 -6 -4
-1 1 -1 0 1 1 -4 3

# 134
6 4 1 6 0 8 -6 1 N
-2 1 0 0 0 0 0 0
1 -3 1 0 0 1 0 -1
0 1 -1 1 0 0 0 1
0 0 1 -3 1 0 0 -1
0 0 0 1 -1 0 1 1
0 1 0 0 0 -2 0 0
0 0 0 0 1 0 -6 -4
0 -1 1 -1 1 0 -4 3

# 135
6 1 1 6 0 8 -7 1 U
-1 1 0 0 0 1 0 1
1 -3 1 0 0 0 0 -1
0 1 -2 1 0 0 0 0
0 0 1 -2 1 0 0 0
0 0 0 1 -1 0 1 1
1 0 0 0 0 -2 0 0
0 0 0 0 1 0 -7 -5
1 -1 0 0 1 0 -5 3

# 136
6 1 1 6 0 8 -7 1 U
-1 1 0 0 0 0 1 1
1 -2 1 0 0 0 0 0
0 1 -2 1 0 0 0 0
0 0 1 -2 1 0 0 0
0 0 0 1 -2 1 0 0
0 0 0 0 1 -1 0 1
1 0 0 0 0 0 -7 -5
1 0 0 0 0 1 -5 3

# 137
6 1 1 6 0 8 -7 1 U
-1 1 0 0 0 1 0 1
1 -2 1 0 0 0 0 0
0 1 -3 1 0 0 0 -1
0 0 1 -2 1 0 0 0
0 0 0 1 -1 0 1 1
1 0 0 0 0 -3 0 -1
0 0 0 0 1 0 -7 -5
1 0 -1 0 1 -1 -5 3

# 138
6 1 1 6 0 8 -7 1 U
-1 1 0 0 0 0 0 1
1 -3 1 0 0 1 0 -1
0 1 -2 1 0 0 0 0
0 0 1 -2 1 0 0 0
0 0 0 1 -1 0 1 1
0 1 0 0 0 -1 0 1
0 0 0 0 1 0 -7 -5
1 -1 0 0 1 1 -5 3

# 139
6 1 1 6 0 8 -7 1 U
-3 1 0 0 0 1 0 -1
1 -1 1 0 0 0 0 1
0 1 -3 1 0 0 0 -1
0 0 1 -2 1 0 0 0
0 0 0 1 -1 0 1 1
1 0 0 0 0 -1 0 1
0 0 0 0 1 0 -7 -5
-1 1 -1 0 1 1 -5 3

# 140
6 1 1 6 0 8 -7 1 U
-1 1 0 0 0 0 1 1
1 -2 1 0 0 0 0 0
0 1 -3 1 0 1 0 -1
0 0 1 -2 1 0 0 0
0 0 0 1 -1 0 0 1
0 0 1 0 0 -1 0 1
1 0 0 0 0 0 -7 -5
1 0 -1 0 1 1 -5 3

# 141
6 4 1 6 0 8 -7 1 N
-1 1 0 0 0 0 1 1
1 -2 0 1 0 0 0 0
0 0 -2 1 0 0 0 0
0 1 1 -3 1 0 0 -1
0 0 0 1 -1 1 0 1
0 0 0 0 1 -3 0 -1
1 0 0 0 0 0 -7 -5
1 0 0 -1 1 -1 -5 3

# 142
6 4 1 6 0 8 -7 2 N
-1 1 0 0 0 0 1 1
1 -2 1 0 0 0 0 0
0 1 -2 1 0 0 0 0
0 0 1 -2 1 0 0 0
0 0 0 1 -2 1 0 0
0 0 0 0 1 -1 1 1
1 0 0 0 0 1 -7 -5
1 0 0 0 0 1 -5 3

# 143
6 4 1 6 0 8 -7 1 N
-2 1 0 0 1 1 0 0
1 -2 1 0 0 0 0 0
0 1 -2 1 0 0 0 0
0 0 1 -1 0 0 1 1
1 0 0 0 -2 0 0 0
1 0 0 0 0 -2 0 0
0 0 0 1 0 0 -7 -5
0 0 0 1 0 0 -5 3

# 144
6 4 1 6 0 8 -7 2 N
-1 1 0 0 0 0 1 1
1 -2 1 0 0 0 0 0
0 1 -3 1 0 1 0 -1
0 0 1 -2 1 0 0 0
0 0 0 1 -1 0 1 1
0 0 1 0 0 -1 0 1
1 0 0 0 1 0 -7 -5
1 0 -1 0 1 1 -5 3

# 145
6 1 1 6 0 8 -8 1 U
-1 1 0 0 0 0 1 1
1 -2 1 0 0 0 0 0
0 1 -2 1 0 0 0 0
0 0 1 -2 1 0 0 0
0 0 0 1 -2 1 0 0
0 0 0 0 1 -1 0 1
1 0 0 0 0 0 -8 -6
1 0 0 0 0 1 -6 3

# 146
6 1 1 6 0 8 -8 1 U
-1 1 0 0 0 1 0 1
1 -2 1 0 0 0 0 0
0 1 -3 1 0 0 0 -1
0 0 1 -2 1 0 0 0
0 0 0 1 -1 0 1 1
1 0 0 0 0 -3 0 -1
0 0 0 0 1 0 -8 -6
1 0 -1 0 1 -1 -6 3

# 147
6 1 1 6 0 8 -8 1 U
-1 1 0 0 0 1 0 1
1 -3 1 0 0 0 0 -1
0 1 -2 1 0 0 0 0
0 0 1 -2 1 0 0 0
0 0 0 1 -1 0 1 1
1 0 0 0 0 -2 0 0
0 0 0 0 1 0 -8 -6
1 -1 0 0 1 0 -6 3

# 148
6 1 1 6 0 8 -8 1 U
-1 1 0 0 0 0 1 1
1 -2 1 0 0 0 0 0
0 1 -3 1 0 1 0 -1
0 0 1 -2 1 0 0 0
0 0 0 1 -1 0 0 1
0 0 1 0 0 -1 0 1
1 0 0 0 0 0 -8 -6
1 0 -1 0 1 1 -6 3

# 149
6 1 1 6 0 8 -8 1 U
-3 1 0 0 0 1 0 -1
1 -1 1 0 0 0 0 1
0 1 -3 1 0 0 0 -1
0 0 1 -2 1 0 0 0
0 0 0 1 -1 0 1 1
1 0 0 0 0 -1 0 1
0 0 0 0 1 0 -8 -6
-1 1 -1 0 1 1 -6 3

# 150
6 1 1 6 0 8 -8 1 U
-1 1 0 0 0 0 0 1
1 -3 1 0 0 1 0 -1
0 1 -2 1 0 0 0 0
0 0 1 -2 1 0 0 0
0 0 0 1 -1 0 1 1
0 1 0 0 0 -1 0 1
0 0 0 0 1 0 -8 -6
1 -1 0 0 1 1 -6 3

# 151
6 4 1 6 0 8 -8 1 N
-1 1 0 0 0 0 1 1
1 -2 0 1 0 0 0 0
0 0 -2 1 0 0 0 0
0 1 1 -3 1 0 0 -1
0 0 0 1 -1 1 0 1
0 0 0 0 1 -3 0 -1
1 0 0 0 0 0 -8 -6
1 0 0 -1 1 -1 -6 3

# 152
6 4 1 6 0 8 -8 2 N
-1 1 0 0 0 0 1 1
1 -2 1 0 0 0 0 0
0 1 -3 1 0 1 0 -1
0 0 1 -2 1 0 0 0
0 0 0 1 -1 0 1 1
0 0 1 0 0 -1 0 1
1 0 0 0 1 0 -8 -6
1 0 -1 0 1 1 -6 3

# 153
6 4 1 6 0 8 -8 1 N
-2 1 0 0 1 1 0 0
1 -2 1 0 0 0 0 0
0 1 -2 1 0 0 0 0
0 0 1 -1 0 0 1 1
1 0 0 0 -2 0 0 0
1 0 0 0 0 -2 0 0
0 0 0 1 0 0 -8 -6
0 0 0 1 0 0 -6 3

# 154
6 4 1 6 0 8 -8 2 N
-1 1 0 0 0 0 1 1
1 -2 1 0 0 0 0 0
0 1 -2 1 0 0 0 0
0 0 1 -2 1 0 0 0
0 0 0 1 -2 1 0 0
0 0 0 0 1 -1 1 1
1 0 0 0 0 1 -8 -6
1 0 0 0 0 1 -6 3

# 155
6 1 1 6 0 8 -12 1 U
-1 1 0 0 0 1 0 1
1 -3 1 0 0 0 0 -1
0 1 -2 1 0 0 0 0
0 0 1 -2 1 0 0 0
0 0 0 1 -1 0 1 1
1 0 0 0 0 -2 0 0
0 0 0 0 1 0 -12 -10
1 -1 0 0 1 0 -10 3

# 156
6 1 1 6 0 8 -12 1 U
-1 1 0 0 0 0 0 1
1 -3 1 0 0 1 0 -1
0 1 -2 1 0 0 0 0
0 0 1 -2 1 0 0 0
0 0 0 1 -1 0 1 1
0 1 0 0 0 -1 0 1
0 0 0 0 1 0 -12 -10
1 -1 0 0 1 1 -10 3

# 157
6 1 1 6 0 8 -12 1 U
-1 1 0 0 0 0 1 1
1 -2 1 0 0 0 0 0
0 1 -2 1 0 0 0 0
0 0 1 -2 1 0 0 0
0 0 0 1 -2 1 0 0
0 0 0 0 1 -1 0 1
1 0 0 0 0 0 -12 -10
1 0 0 0 0 1 -10 3

# 158
6 4 1 6 0 8 -12 2 N
-1 1 0 0 0 0 1 1
1 -2 1 0 0 0 0 0
0 1 -2 1 0 0 0 0
0 0 1 -2 1 0 0 0
0 0 0 1 -2 1 0 0
0 0 0 0 1 -1 1 1
1 0 0 0 0 1 -12 -10
1 0 0 0 0 1 -10 3

# 159
6 4 1 6 0 8 -12 1 N
-2 1 0 0 1 1 0 0
1 -2 1 0 0 0 0 0
0 1 -2 1 0 0 0 0
0 0 1 -1 0 0 1 1
1 0 0 0 -2 0 0 0
1 0 0 0 0 -2 0 0
0 0 0 1 0 0 -12 -10
0 0 0 1 0 0 -10 3

# 160
7 -9 1 7 0 9 -5 1 N
-1 1 0 0 0 0 0 0 1
1 -5 1 0 0 0 0 0 -3
0 1 -1 0 1 0 0 0 1
0 0 0 -1 1 0 0 1 1
0 0 1 1 -3 1 0 0 -1
0 0 0 0 1 -2 1 0 0
0 0 0 0 0 1 -2 0 0
0 0 0 1 0 0 0 -5 -3
1 -3 1 1 -1 0 0 -3 2

# 161
7 -4 1 7 0 9 -5 1 N
-1 0 1 0 0 0 0 0 1
0 -1 1 0 0 0 0 0 1
1 1 -5 1 0 0 0 0 -3
0 0 1 -1 1 0 0 0 1
0 0 0 1 -3 1 1 0 -1
0 0 0 0 1 -1 0 1 1
0 0 0 0 1 0 -2 0 0
0 0 0 0 0 1 0 -5 -3
1 1 -3 1 -1 1 0 -3 2

# 162
7 -4 1 7 0 9 -5 2 N
-4 0 0 1 0 0 1 0 -2
0 -1 1 0 0 0 0 1 1
0 1 -3 1 0 0 0 0 -1
1 0 1 -1 0 0 0 0 1
0 0 0 0 -1 1 0 1 1
0 0 0 0 1 -3 1 0 -1
1 0 0 0 0 1 -1 0 1
0 1 0 0 1 0 0 -5 -3
-2 1 -1 1 1 -1 1 -3 2

# 163
7 -4 1 7 0 9 -5 1 N
-4 1 0 0 0 0 1 0 -2
1 -1 0 0 0 0 0 0 1
0 0 -1 1 0 0 0 1 1
0 0 1 -2 0 1 0 0 0
0 0 0 0 -2 1 0 0 0
0 0 0 1 1 -3 1 0 -1
1 0 0 0 0 1 -1 0 1
0 0 1 0 0 0 0 -5 -3
-2 1 1 0 0 -1 1 -3 2

# 164
7 -4 1 7 0 9 -5 2 N
-3 1 0 0 0 0 1 0 -1
1 -1 1 0 0 0 0 0 1
0 1 -3 1 0 0 0 0 -1
0 0 1 -2 1 0 0 0 0
0 0 0 1 -2 1 0 0 0
0 0 0 0 1 -1 0 1 1
1 0 0 0 0 0 -1 1 1
0 0 0 0 0 1 1 -5 -3
-1 1 -1 0 0 1 1 -3 2

# 165
7 -4 1 7 0 9 -5 2 N
-1 1 0 0 0 0 0 1 1
1 -2 1 0 0 0 0 0 0
0 1 -2 1 0 0 0 0 0
0 0 1 -2 1 0 0 0 0
0 0 0 1 -2 1 0 0 0
0 0 0 0 1 -2 1 0 0
0 0 0 0 0 1 -1 1 1
1 0 0 0 0 0 1 -5 -3
1 0 0 0 0 0 1 -3 2

# 166
7 -4 1 7 0 9 -5 1 N
-2 1 0 0 0 1 1 0 0
1 -2 1 0 0 0 0 0 0
0 1 -2 1 0 0 0 0 0
0 0 1 -2 1 0 0 0 0
0 0 0 1 -1 0 0 1 1
1 0 0 0 0 -2 0 0 0
1 0 0 0 0 0 -2 0 0
0 0 0 0 1 0 0 -5 -3
0 0 0 0 1 0 0 -3 2

# 167
7 -4 1 7 0 9 -5 1 N
-2 1 0 0 0 0 0 0 0
1 -1 1 0 0 0 0 0 1
0 1 -5 1 0 0 0 0 -3
0 0 1 -1 1 0 0 0 1
0 0 0 1 -3 1 1 0 -1
0 0 0 0 1 -1 0 1 1
0 0 0 0 1 0 -2 0 0
0 0 0 0 0 1 0 -5 -3
0 1 -3 1 -1 1 0 -3 2

# 168
7 -4 1 7 0 9 -5 2 N
-2 1 0 0 0 0 1 0 0
1 -3 1 0 0 0 0 0 -1
0 1 -1 1 0 0 0 0 1
0 0 1 -3 1 0 0 0 -1
0 0 0 1 -2 1 0 0 0
0 0 0 0 1 -1 0 1 1
1 0 0 0 0 0 -1 1 1
0 0 0 0 0 1 1 -5 -3
0 -1 1 -1 0 1 1 -3 2

# 169
7 -4 1 7 0 9 -5 1 N
-2 1 0 0 0 0 0 0 0
1 -3 1 0 0 0 1 0 -1
0 1 -1 1 0 0 0 0 1
0 0 1 -3 1 0 0 0 -1
0 0 0 1 -2 1 0 0 0
0 0 0 0 1 -1 0 1 1
0 1 0 0 0 0 -2 0 0
0 0 0 0 0 1 0 -5 -3
0 -1 1 -1 0 1 0 -3 2

# 170
7 -1 1 7 0 9 -5 1 U
-2 1 0 0 0 0 1 0 0
1 -3 1 0 0 0 0 0 -1
0 1 -1 1 0 0 0 0 1
0 0 1 -3 1 0 0 0 -1
0 0 0 1 -2 1 0 0 0
0 0 0 0 1 -1 0 1 1
1 0 0 0 0 0 -1 0 1
0 0 0 0 0 1 0 -5 -3
0 -1 1 -1 0 1 1 -3 2

# 171
7 -1 1 7 0 9 -5 1 U
-1 0 1 0 0 0 0 0 1
0 -1 1 0 0 0 0 0 1
1 1 -5 1 0 0 1 0 -3
0 0 1 -1 1 0 0 0 1
0 0 0 1 -3 1 0 0 -1
0 0 0 0 1 -1 0 1 1
0 0 1 0 0 0 -1 0 1
0 0 0 0 0 1 0 -5 -3
1 1 -3 1 -1 1 1 -3 2

# 172
7 -1 1 7 0 9 -5 1 U
-4 0 1 0 0 0 1 0 -2
0 -2 1 0 0 0 0 0 0
1 1 -1 0 0 0 0 0 1
0 0 0 -1 1 0 0 1 1
0 0 0 1 -2 1 0 0 0
0 0 0 0 1 -3 1 0 -1
1 0 0 0 0 1 -1 0 1
0 0 0 1 0 0 0 -5 -3
-2 0 1 1 0 -1 1 -3 2

# 173
7 -1 1 7 0 9 -5 1 U
-2 1 0 0 0 0 1 0 0
1 -1 1 0 0 0 0 0 1
0 1 -5 1 0 0 0 0 -3
0 0 1 -1 1 0 0 0 1
0 0 0 1 -3 1 0 0 -1
0 0 0 0 1 -1 0 1 1
1 0 0 0 0 0 -2 0 0
0 0 0 0 0 1 0 -5 -3
0 1 -3 1 -1 1 0 -3 2

# 174
7 -1 1 7 0 9 -5 1 U
-5 1 0 0 0 0 1 0 -3
1 -1 1 0 0 0 0 0 1
0 1 -2 1 0 0 0 0 0
0 0 1 -2 1 0 0 0 0
0 0 0 1 -3 1 0 0 -1
0 0 0 0 1 -1 0 1 1
1 0 0 0 0 0 -1 0 1
0 0 0 0 0 1 0 -5 -3
-3 1 0 0 -1 1 1 -3 2

# 175
7 -1 1 7 0 9 -5 1 U
-4 1 0 0 0 0 1 0 -2
1 -1 0 0 0 0 0 0 1
0 0 -1 1 0 0 0 1 1
0 0 1 -2 1 0 0 0 0
0 0 0 1 -3 1 0 0 -1
0 0 0 0 1 -2 1 0 0
1 0 0 0 0 1 -1 0 1
0 0 1 0 0 0 0 -5 -3
-2 1 1 0 -1 0 1 -3 2

# 176
7 -1 1 7 0 9 -5 1 U
-3 1 0 0 0 0 1 0 -1
1 -1 1 0 0 0 0 0 1
0 1 -3 1 0 0 0 0 -1
0 0 1 -2 1 0 0 0 0
0 0 0 1 -2 1 0 0 0
0 0 0 0 1 -1 0 0 1
1 0 0 0 0 0 -1 1 1
0 0 0 0 0 0 1 -5 -3
-1 1 -1 0 0 1 1 -3 2

# 177
7 -1 1 7 0 9 -5 1 U
-3 1 0 0 0 0 1 0 -1
1 -1 1 0 0 0 0 0 1
0 1 -3 1 0 0 0 0 -1
0 0 1 -2 1 0 0 0 0
0 0 0 1 -2 1 0 0 0
0 0 0 0 1 -1 0 1 1
1 0 0 0 0 0 -1 0 1
0 0 0 0 0 1 0 -5 -3
-1 1 -1 0 0 1 1 -3 2

# 178
7 -1 1 7 0 9 -5 1 U
-4 0 0 1 0 0 1 0 -2
0 -1 1 0 0 0 0 1 1
0 1 -3 1 0 0 0 0 -1
1 0 1 -1 0 0 0 0 1
0 0 0 0 -1 1 0 0 1
0 0 0 0 1 -3 1 0 -1
1 0 0 0 0 1 -1 0 1
0 1 0 0 0 0 0 -5 -3
-2 1 -1 1 1 -1 1 -3 2

# 179
7 -1 1 7 0 9 -5 1 U
-1 1 0 0 0 0 0 0 1
1 -5 1 0 0 0 1 0 -3
0 1 -1 1 0 0 0 0 1
0 0 1 -2 1 0 0 0 0
0 0 0 1 -3 1 0 0 -1
0 0 0 0 1 -1 0 1 1
0 1 0 0 0 0 -1 0 1
0 0 0 0 0 1 0 -5 -3
1 -3 1 0 -1 1 1 -3 2

# 180
7 -1 1 7 0 9 -5 1 U
-1 1 0 0 0 0 1 0 1
1 -5 1 0 0 0 0 0 -3
0 1 -1 1 0 0 0 0 1
0 0 1 -2 1 0 0 0 0
0 0 0 1 -3 1 0 0 -1
0 0 0 0 1 -1 0 1 1
1 0 0 0 0 0 -2 0 0
0 0 0 0 0 1 0 -5 -3
1 -3 1 0 -1 1 0 -3 2

# 181
7 -1 1 7 0 9 -5 1 U
-1 1 0 0 0 0 0 1 1
1 -2 1 0 0 0 0 0 0
0 1 -2 1 0 0 0 0 0
0 0 1 -2 1 0 0 0 0
0 0 0 1 -2 1 0 0 0
0 0 0 0 1 -2 1 0 0
0 0 0 0 0 1 -1 0 1
1 0 0 0 0 0 0 -5 -3
1 0 0 0 0 0 1 -3 2

# 182
7 -1 1 7 0 9 -5 1 U
-4 1 1 0 0 0 1 0 -2
1 -1 0 0 0 0 0 0 1
1 0 -1 0 0 0 0 0 1
0 0 0 -1 1 0 0 1 1
0 0 0 1 -2 1 0 0 0
0 0 0 0 1 -3 1 0 -1
1 0 0 0 0 1 -1 0 1
0 0 0 1 0 0 0 -5 -3
-2 1 1 1 0 -1 1 -3 2

# 183
7 -1 1 7 0 9 -5 1 U
-1 0 1 0 0 0 1 0 1
0 -1 1 0 0 0 0 0 1
1 1 -5 1 0 0 0 0 -3
0 0 1 -1 1 0 0 0 1
0 0 0 1 -3 1 0 0 -1
0 0 0 0 1 -1 0 1 1
1 0 0 0 0 0 -2 0 0
0 0 0 0 0 1 0 -5 -3
1 1 -3 1 -1 1 0 -3 2

# 184
7 -4 1 7 0 9 -6 2 N
-2 1 0 0 0 0 1 0 0
1 -3 1 0 0 0 0 0 -1
0 1 -1 1 0 0 0 0 1
0 0 1 -3 1 0 0 0 -1
0 0 0 1 -2 1 0 0 0
0 0 0 0 1 -1 0 1 1
1 0 0 0 0 0 -1 1 1
0 0 0 0 0 1 1 -6 -4
0 -1 1 -1 0 1 1 -4 2

# 185
7 -4 1 7 0 9 -6 1 N
-2 1 0 0 0 0 0 0 0
1 -3 1 0 0 0 1 0 -1
0 1 -1 1 0 0 0 0 1
0 0 1 -3 1 0 0 0 -1
0 0 0 1 -2 1 0 0 0
0 0 0 0 1 -1 0 1 1
0 1 0 0 0 0 -2 0 0
0 0 0 0 0 1 0 -6 -4
0 -1 1 -1 0 1 0 -4 2

# 186
7 -4 1 7 0 9 -6 1 N
-2 1 0 0 0 1 1 0 0
1 -2 1 0 0 0 0 0 0
0 1 -2 1 0 0 0 0 0
0 0 1 -2 1 0 0 0 0
0 0 0 1 -1 0 0 1 1
1 0 0 0 0 -2 0 0 0
1 0 0 0 0 0 -2 0 0
0 0 0 0 1 0 0 -6 -4
0 0 0 0 1 0 0 -4 2

# 187
7 -4 1 7 0 9 -6 2 N
-1 1 0 0 0 0 0 1 1
1 -2 1 0 0 0 0 0 0
0 1 -2 1 0 0 0 0 0
0 0 1 -2 1 0 0 0 0
0 0 0 1 -2 1 0 0 0
0 0 0 0 1 -2 1 0 0
0 0 0 0 0 1 -1 1 1
1 0 0 0 0 0 1 -6 -4
1 0 0 0 0 0 1 -4 2

# 188
7 -4 1 7 0 9 -6 2 N
-3 1 0 0 0 0 1 0 -1
1 -1 1 0 0 0 0 0 1
0 1 -3 1 0 0 0 0 -1
0 0 1 -2 1 0 0 0 0
0 0 0 1 -2 1 0 0 0
0 0 0 0 1 -1 0 1 1
1 0 0 0 0 0 -1 1 1
0 0 0 0 0 1 1 -6 -4
-1 1 -1 0 0 1 1 -4 2

# 189
7 -4 1 7 0 9 -6 1 N
-4 1 0 0 0 0 1 0 -2
1 -1 0 0 0 0 0 0 1
0 0 -1 1 0 0 0 1 1
0 0 1 -2 0 1 0 0 0
0 0 0 0 -2 1 0 0 0
0 0 0 1 1 -3 1 0 -1
1 0 0 0 0 1 -1 0 1
0 0 1 0 0 0 0 -6 -4
-2 1 1 0 0 -1 1 -4 2

# 190
7 -4 1 7 0 9 -6 2 N
-4 0 0 1 0 0 1 0 -2
0 -1 1 0 0 0 0 1 1
0 1 -3 1 0 0 0 0 -1
1 0 1 -1 0 0 0 0 1
0 0 0 0 -1 1 0 1 1
0 0 0 0 1 -3 1 0 -1
1 0 0 0 0 1 -1 0 1
0 1 0 0 1 0 0 -6 -4
-2 1 -1 1 1 -1 1 -4 2

# 191
7 -1 1 7 0 9 -6 1 U
-4 1 0 0 0 0 1 0 -2
1 -1 0 0 0 0 0 0 1
0 0 -1 1 0 0 0 1 1
0 0 1 -2 1 0 0 0 0
0 0 0 1 -3 1 0 0 -1
0 0 0 0 1 -2 1 0 0
1 0 0 0 0 1 -1 0 1
0 0 1 0 0 0 0 -6 -4
-2 1 1 0 -1 0 1 -4 2

# 192
7 -1 1 7 0 9 -6 1 U
-1 0 1 0 0 0 1 0 1
0 -1 1 0 0 0 0 0 1
1 1 -5 1 0 0 0 0 -3
0 0 1 -1 1 0 0 0 1
0 0 0 1 -3 1 0 0 -1
0 0 0 0 1 -1 0 1 1
1 0 0 0 0 0 -2 0 0
0 0 0 0 0 1 0 -6 -4
1 1 -3 1 -1 1 0 -4 2

# 193
7 -1 1 7 0 9 -6 1 U
-1 0 1 0 0 0 0 0 1
0 -1 1 0 0 0 0 0 1
1 1 -5 1 0 0 1 0 -3
0 0 1 -1 1 0 0 0 1
0 0 0 1 -3 1 0 0 -1
0 0 0 0 1 -1 0 1 1
0 0 1 0 0 0 -1 0 1
0 0 0 0 0 1 0 -6 -4
1 1 -3 1 -1 1 1 -4 2

# 194
7 -1 1 7 0 9 -6 1 U
-4 1 1 0 0 0 1 0 -2
1 -1 0 0 0 0 0 0 1
1 0 -1 0 0 0 0 0 1
0 0 0 -1 1 0 0 1 1
0 0 0 1 -2 1 0 0 0
0 0 0 0 1 -3 1 0 -1
1 0 0 0 0 1 -1 0 1
0 0 0 1 0 0 0 -6 -4
-2 1 1 1 0 -1 1 -4 2

# 195
7 -1 1 7 0 9 -6 1 U
-1 1 0 0 0 0 0 1 1
1 -2 1 0 0 0 0 0 0
0 1 -2 1 0 0 0 0 0
0 0 1 -2 1 0 0 0 0
0 0 0 1 -2 1 0 0 0
0 0 0 0 1 -2 1 0 0
0 0 0 0 0 1 -1 0 1
1 0 0 0 0 0 0 -6 -4
1 0 0 0 0 0 1 -4 2

# 196
7 -1 1 7 0 9 -6 1 U
-4 0 0 1 0 0 1 0 -2
0 -1 1 0 0 0 0 1 1
0 1 -3 1 0 0 0 0 -1
1 0 1 -1 0 0 0 0 1
0 0 0 0 -1 1 0 0 1
0 0 0 0 1 -3 1 0 -1
1 0 0 0 0 1 -1 0 1
0 1 0 0 0 0 0 -6 -4
-2 1 -1 1 1 -1 1 -4 2

# 197
7 -1 1 7 0 9 -6 1 U
-4 0 1 0 0 0 1 0 -2
0 -2 1 0 0 0 0 0 0
1 1 -1 0 0 0 0 0 1
0 0 0 -1 1 0 0 1 1
0 0 0 1 -2 1 0 0 0
0 0 0 0 1 -3 1 0 -1
1 0 0 0 0 1 -1 0 1
0 0 0 1 0 0 0 -6 -4
-2 0 1 1 0 -1 1 -4 2

# 198
7 -1 1 7 0 9 -6 1 U
-3 1 0 0 0 0 1 0 -1
1 -1 1 0 0 0 0 0 1
0 1 -3 1 0 0 0 0 -1
0 0 1 -2 1 0 0 0 0
0 0 0 1 -2 1 0 0 0
0 0 0 0 1 -1 0 1 1
1 0 0 0 0 0 -1 0 1
0 0 0 0 0 1 0 -6 -4
-1 1 -1 0 0 1 1 -4 2

# 199
7 -1 1 7 0 9 -6 1 U
-3 1 0 0 0 0 1 0 -1
1 -1 1 0 0 0 0 0 1
0 1 -3 1 0 0 0 0 -1
0 0 1 -2 1 0 0 0 0
0 0 0 1 -2 1 0 0 0
0 0 0 0 1 -1 0 0 1
1 0 0 0 0 0 -1 1 1
0 0 0 0 0 0 1 -6 -4
-1 1 -1 0 0 1 1 -4 2

# 200
7 -1 1 7 0 9 -6 1 U
-2 1 0 0 0 0 1 0 0
1 -1 1 0 0 0 0 0 1
0 1 -5 1 0 0 0 0 -3
0 0 1 -1 1 0 0 0 1
0 0 0 1 -3 1 0 0 -1
0 0 0 0 1 -1 0 1 1
1 0 0 0 0 0 -2 0 0
0 0 0 0 0 1 0 -6 -4
0 1 -3 1 -1 1 0 -4 2

# 201
7 -1 1 7 0 9 -6 1 U
-2 1 0 0 0 0 1 0 0
1 -3 1 0 0 0 0 0 -1
0 1 -1 1 0 0 0 0 1
0 0 1 -3 1 0 0 0 -1
0 0 0 1 -2 1 0 0 0
0 0 0 0 1 -1 0 1 1
1 0 0 0 0 0 -1 0 1
0 0 0 0 0 1 0 -6 -4
0 -1 1 -1 0 1 1 -4 2

# 202
7 -4 1 7 0 9 -7 1 N
-2 1 0 0 0 1 1 0 0
1 -2 1 0 0 0 0 0 0
0 1 -2 1 0 0 0 0 0
0 0 1 -2 1 0 0 0 0
0 0 0 1 -1 0 0 1 1
1 0 0 0 0 -2 0 0 0
1 0 0 0 0 0 -2 0 0
0 0 0 0 1 0 0 -7 -5
0 0 0 0 1 0 0 -5 2

# 203
7 -4 1 7 0 9 -7 1 N
-4 1 0 0 0 0 1 0 -2
1 -1 0 0 0 0 0 0 1
0 0 -1 1 0 0 0 1 1
0 0 1 -2 0 1 0 0 0
0 0 0 0 -2 1 0 0 0
0 0 0 1 1 -3 1 0 -1
1 0 0 0 0 1 -1 0 1
0 0 1 0 0 0 0 -7 -5
-2 1 1 0 0 -1 1 -5 2

# 204
7 -4 1 7 0 9 -7 1 N
-2 1 0 0 0 0 0 0 0
1 -3 1 0 0 0 1 0 -1
0 1 -1 1 0 0 0 0 1
0 0 1 -3 1 0 0 0 -1
0 0 0 1 -2 1 0 0 0
0 0 0 0 1 -1 0 1 1
0 1 0 0 0 0 -2 0 0
0 0 0 0 0 1 0 -7 -5
0 -1 1 -1 0 1 0 -5 2

# 205
7 -4 1 7 0 9 -7 2 N
-1 1 0 0 0 0 0 1 1
1 -2 1 0 0 0 0 0 0
0 1 -2 1 0 0 0 0 0
0 0 1 -2 1 0 0 0 0
0 0 0 1 -2 1 0 0 0
0 0 0 0 1 -2 1 0 0
0 0 0 0 0 1 -1 1 1
1 0 0 0 0 0 1 -7 -5
1 0 0 0 0 0 1 -5 2

# 206
7 -4 1 7 0 9 -7 2 N
-2 1 0 0 0 0 1 0 0
1 -3 1 0 0 0 0 0 -1
0 1 -1 1 0 0 0 0 1
0 0 1 -3 1 0 0 0 -1
0 0 0 1 -2 1 0 0 0
0 0 0 0 1 -1 0 1 1
1 0 0 0 0 0 -1 1 1
0 0 0 0 0 1 1 -7 -5
0 -1 1 -1 0 1 1 -5 2

# 207
7 -1 1 7 0 9 -7 1 U
-4 0 1 0 0 0 1 0 -2
0 -2 1 0 0 0 0 0 0
1 1 -1 0 0 0 0 0 1
0 0 0 -1 1 0 0 1 1
0 0 0 1 -2 1 0 0 0
0 0 0 0 1 -3 1 0 -1
1 0 0 0 0 1 -1 0 1
0 0 0 1 0 0 0 -7 -5
-2 0 1 1 0 -1 1 -5 2

# 208
7 -1 1 7 0 9 -7 1 U
-4 1 1 0 0 0 1 0 -2
1 -1 0 0 0 0 0 0 1
1 0 -1 0 0 0 0 0 1
0 0 0 -1 1 0 0 1 1
0 0 0 1 -2 1 0 0 0
0 0 0 0 1 -3 1 0 -1
1 0 0 0 0 1 -1 0 1
0 0 0 1 0 0 0 -7 -5
-2 1 1 1 0 -1 1 -5 2

# 209
7 -1 1 7 0 9 -7 1 U
-2 1 0 0 0 0 1 0 0
1 -3 1 0 0 0 0 0 -1
0 1 -1 1 0 0 0 0 1
0 0 1 -3 1 0 0 0 -1
0 0 0 1 -2 1 0 0 0
0 0 0 0 1 -1 0 1 1
1 0 0 0 0 0 -1 0 1
0 0 0 0 0 1 0 -7 -5
0 -1 1 -1 0 1 1 -5 2

# 210
7 -1 1 7 0 9 -7 1 U
-4 1 0 0 0 0 1 0 -2
1 -1 0 0 0 0 0 0 1
0 0 -1 1 0 0 0 1 1
0 0 1 -2 1 0 0 0 0
0 0 0 1 -3 1 0 0 -1
0 0 0 0 1 -2 1 0 0
1 0 0 0 0 1 -1 0 1
0 0 1 0 0 0 0 -7 -5
-2 1 1 0 -1 0 1 -5 2

# 211
7 -1 1 7 0 9 -7 1 U
-3 1 0 0 0 0 1 0 -1
1 -1 1 0 0 0 0 0 1
0 1 -3 1 0 0 0 0 -1
0 0 1 -2 1 0 0 0 0
0 0 0 1 -2 1 0 0 0
0 0 0 0 1 -1 0 1 1
1 0 0 0 0 0 -1 0 1
0 0 0 0 0 1 0 -7 -5
-1 1 -1 0 0 1 1 -5 2

# 212
7 -1 1 7 0 9 -7 1 U
-1 1 0 0 0 0 0 1 1
1 -2 1 0 0 0 0 0 0
0 1 -2 1 0 0 0 0 0
0 0 1 -2 1 0 0 0 0
0 0 0 1 -2 1 0 0 0
0 0 0 0 1 -2 1 0 0
0 0 0 0 0 1 -1 0 1
1 0 0 0 0 0 0 -7 -5
1 0 0 0 0 0 1 -5 2

# 213
7 -4 1 7 0 9 -8 1 N
-4 1 0 0 0 0 1 0 -2
1 -1 0 0 0 0 0 0 1
0 0 -1 1 0 0 0 1 1
0 0 1 -2 0 1 0 0 0
0 0 0 0 -2 1 0 0 0
0 0 0 1 1 -3 1 0 -1
1 0 0 0 0 1 -1 0 1
0 0 1 0 0 0 0 -8 -6
-2 1 1 0 0 -1 1 -6 2

# 214
7 -4 1 7 0 9 -8 2 N
-1 1 0 0 0 0 0 1 1
1 -2 1 0 0 0 0 0 0
0 1 -2 1 0 0 0 0 0
0 0 1 -2 1 0 0 0 0
0 0 0 1 -2 1 0 0 0
0 0 0 0 1 -2 1 0 0
0 0 0 0 0 1 -1 1 1
1 0 0 0 0 0 1 -8 -6
1 0 0 0 0 0 1 -6 2

# 215
7 -4 1 7 0 9 -8 1 N
-2 1 0 0 0 0 0 0 0
1 -3 1 0 0 0 1 0 -1
0 1 -1 1 0 0 0 0 1
0 0 1 -3 1 0 0 0 -1
0 0 0 1 -2 1 0 0 0
0 0 0 0 1 -1 0 1 1
0 1 0 0 0 0 -2 0 0
0 0 0 0 0 1 0 -8 -6
0 -1 1 -1 0 1 0 -6 2

# 216
7 -4 1 7 0 9 -8 2 N
-2 1 0 0 0 0 1 0 0
1 -3 1 0 0 0 0 0 -1
0 1 -1 1 0 0 0 0 1
0 0 1 -3 1 0 0 0 -1
0 0 0 1 -2 1 0 0 0
0 0 0 0 1 -1 0 1 1
1 0 0 0 0 0 -1 1 1
0 0 0 0 0 1 1 -8 -6
0 -1 1 -1 0 1 1 -6 2

# 217
7 -4 1 7 0 9 -8 1 N
-2 1 0 0 0 1 1 0 0
1 -2 1 0 0 0 0 0 0
0 1 -2 1 0 0 0 0 0
0 0 1 -2 1 0 0 0 0
0 0 0 1 -1 0 0 1 1
1 0 0 0 0 -2 0 0 0
1 0 0 0 0 0 -2 0 0
0 0 0 0 1 0 0 -8 -6
0 0 0 0 1 0 0 -6 2

# 218
7 -1 1 7 0 9 -8 1 U
-4 0 1 0 0 0 1 0 -2
0 -2 1 0 0 0 0 0 0
1 1 -1 0 0 0 0 0 1
0 0 0 -1 1 0 0 1 1
0 0 0 1 -2 1 0 0 0
0 0 0 0 1 -3 1 0 -1
1 0 0 0 0 1 -1 0 1
0 0 0 1 0 0 0 -8 -6
-2 0 1 1 0 -1 1 -6 2

# 219
7 -1 1 7 0 9 -8 1 U
-4 1 0 0 0 0 1 0 -2
1 -1 0 0 0 0 0 0 1
0 0 -1 1 0 0 0 1 1
0 0 1 -2 1 0 0 0 0
0 0 0 1 -3 1 0 0 -1
0 0 0 0 1 -2 1 0 0
1 0 0 0 0 1 -1 0 1
0 0 1 0 0 0 0 -8 -6
-2 1 1 0 -1 0 1 -6 2

# 220
7 -1 1 7 0 9 -8 1 U
-4 1 1 0 0 0 1 0 -2
1 -1 0 0 0 0 0 0 1
1 0 -1 0 0 0 0 0 1
0 0 0 -1 1 0 0 1 1
0 0 0 1 -2 1 0 0 0
0 0 0 0 1 -3 1 0 -1
1 0 0 0 0 1 -1 0 1
0 0 0 1 0 0 0 -8 -6
-2 1 1 1 0 -1 1 -6 2

# 221
7 -1 1 7 0 9 -8 1 U
-2 1 0 0 0 0 1 0 0
1 -3 1 0 0 0 0 0 -1
0 1 -1 1 0 0 0 0 1
0 0 1 -3 1 0 0 0 -1
0 0 0 1 -2 1 0 0 0
0 0 0 0 1 -1 0 1 1
1 0 0 0 0 0 -1 0 1
0 0 0 0 0 1 0 -8 -6
0 -1 1 -1 0 1 1 -6 2

# 222
7 -1 1 7 0 9 -8 1 U
-3 1 0 0 0 0 1 0 -1
1 -1 1 0 0 0 0 0 1
0 1 -3 1 0 0 0 0 -1
0 0 1 -2 1 0 0 0 0
0 0 0 1 -2 1 0 0 0
0 0 0 0 1 -1 0 1 1
1 0 0 0 0 0 -1 0 1
0 0 0 0 0 1 0 -8 -6
-1 1 -1 0 0 1 1 -6 2

# 223
7 -1 1 7 0 9 -8 1 U
-1 1 0 0 0 0 0 1 1
1 -2 1 0 0 0 0 0 0
0 1 -2 1 0 0 0 0 0
0 0 1 -2 1 0 0 0 0
0 0 0 1 -2 1 0 0 0
0 0 0 0 1 -2 1 0 0
0 0 0 0 0 1 -1 0 1
1 0 0 0 0 0 0 -8 -6
1 0 0 0 0 0 1 -6 2

# 224
7 -4 1 7 0 9 -12 1 N
-2 1 0 0 0 1 1 0 0
1 -2 1 0 0 0 0 0 0
0 1 -2 1 0 0 0 0 0
0 0 1 -2 1 0 0 0 0
0 0 0 1 -1 0 0 1 1
1 0 0 0 0 -2 0 0 0
1 0 0 0 0 0 -2 0 0
0 0 0 0 1 0 0 -12 -10
0 0 0 0 1 0 0 -10 2

# 225
7 -4 1 7 0 9 -12 2 N
-1 1 0 0 0 0 0 1 1
1 -2 1 0 0 0 0 0 0
0 1 -2 1 0 0 0 0 0
0 0 1 -2 1 0 0 0 0
0 0 0 1 -2 1 0 0 0
0 0 0 0 1 -2 1 0 0
0 0 0 0 0 1 -1 1 1
1 0 0 0 0 0 1 -12 -10
1 0 0 0 0 0 1 -10 2

# 226
7 -1 1 7 0 9 -12 1 U
-3 1 0 0 0 0 1 0 -1
1 -1 1 0 0 0 0 0 1
0 1 -3 1 0 0 0 0 -1
0 0 1 -2 1 0 0 0 0
0 0 0 1 -2 1 0 0 0
0 0 0 0 1 -1 0 1 1
1 0 0 0 0 0 -1 0 1
0 0 0 0 0 1 0 -12 -10
-1 1 -1 0 0 1 1 -10 2

# 227
7 -1 1 7 0 9 -12 1 U
-1 1 0 0 0 0 0 1 1
1 -2 1 0 0 0 0 0 0
0 1 -2 1 0 0 0 0 0
0 0 1 -2 1 0 0 0 0
0 0 0 1 -2 1 0 0 0
0 0 0 0 1 -2 1 0 0
0 0 0 0 0 1 -1 0 1
1 0 0 0 0 0 0 -12 -10
1 0 0 0 0 0 1 -10 2

# 228
8 1 1 8 0 10 -5 1 U
-6 1 1 0 0 0 1 1 0 -4
1 -1 0 0 0 0 0 0 0 1
1 0 -1 0 0 0 0 0 0 1
0 0 0 -1 1 0 0 0 1 1
0 0 0 1 -3 1 0 0 0 -1
0 0 0 0 1 -2 1 0 0 0
1 0 0 0 0 1 -1 0 0 1
1 0 0 0 0 0 0 -1 0 1
0 0 0 1 0 0 0 0 -5 -3
-4 1 1 1 -1 0 1 1 -3 1

# 229
8 1 1 8 0 10 -5 1 U
-6 1 1 0 0 1 0 1 0 -4
1 -1 0 0 0 0 0 0 0 1
1 0 -1 0 0 0 0 0 0 1
0 0 0 -1 1 0 0 0 1 1
0 0 0 1 -3 1 0 0 0 -1
1 0 0 0 1 -1 0 0 0 1
0 0 0 0 0 0 -2 1 0 0
1 0 0 0 0 0 1 -1 0 1
0 0 0 1 0 0 0 0 -5 -3
-4 1 1 1 -1 1 0 1 -3 1

# 230
8 1 1 8 0 10 -5 1 U
-4 1 0 0 1 0 0 0 0 -2
1 -1 1 0 0 0 0 0 0 1
0 1 -4 0 0 0 0 1 0 -2
0 0 0 -2 1 0 0 0 0 0
1 0 0 1 -1 0 0 0 0 1
0 0 0 0 0 -1 1 0 1 1
0 0 0 0 0 1 -3 1 0 -1
0 0 1 0 0 0 1 -1 0 1
0 0 0 0 0 1 0 0 -5 -3
-2 1 -2 0 1 1 -1 1 -3 1

# 231
8 1 1 8 0 10 -5 1 U
-6 0 1 0 1 0 0 1 0 -4
0 -2 1 0 0 0 0 0 0 0
1 1 -1 0 0 0 0 0 0 1
0 0 0 -2 1 0 0 0 0 0
1 0 0 1 -1 0 0 0 0 1
0 0 0 0 0 -1 1 0 1 1
0 0 0 0 0 1 -3 1 0 -1
1 0 0 0 0 0 1 -1 0 1
0 0 0 0 0 1 0 0 -5 -3
-4 0 1 0 1 1 -1 1 -3 1

# 232
8 1 1 8 0 10 -5 1 U
-1 1 0 0 0 0 0 1 0 1
1 -3 1 0 0 0 0 0 0 -1
0 1 -1 1 0 0 0 0 0 1
0 0 1 -5 1 0 0 0 0 -3
0 0 0 1 -1 1 0 0 0 1
0 0 0 0 1 -3 1 0 0 -1
0 0 0 0 0 1 -1 0 1 1
1 0 0 0 0 0 0 -3 0 -1
0 0 0 0 0 0 1 0 -5 -3
1 -1 1 -3 1 -1 1 -1 -3 1

# 233
8 1 1 8 0 10 -5 1 U
-4 0 0 1 0 0 0 1 0 -2
0 -1 1 0 0 0 0 0 0 1
0 1 -3 1 0 0 0 0 0 -1
1 0 1 -1 0 0 0 0 0 1
0 0 0 0 -1 1 0 0 1 1
0 0 0 0 1 -2 1 0 0 0
0 0 0 0 0 1 -3 1 0 -1
1 0 0 0 0 0 1 -1 0 1
0 0 0 0 1 0 0 0 -5 -3
-2 1 -1 1 1 0 -1 1 -3 1

# 234
8 1 1 8 0 10 -5 1 U
-2 1 0 0 0 0 0 1 0 0
1 -3 1 0 0 0 0 0 0 -1
0 1 -1 1 0 0 0 0 0 1
0 0 1 -3 1 0 0 0 0 -1
0 0 0 1 -2 1 0 0 0 0
0 0 0 0 1 -2 1 0 0 0
0 0 0 0 0 1 -1 0 0 1
1 0 0 0 0 0 0 -1 1 1
0 0 0 0 0 0 0 1 -5 -3
0 -1 1 -1 0 0 1 1 -3 1

# 235
8 1 1 8 0 10 -5 1 U
-2 1 0 0 0 0 0 1 0 0
1 -3 1 0 0 0 0 0 0 -1
0 1 -1 1 0 0 0 0 0 1
0 0 1 -3 1 0 0 0 0 -1
0 0 0 1 -2 1 0 0 0 0
0 0 0 0 1 -2 1 0 0 0
0 0 0 0 0 1 -1 0 1 1
1 0 0 0 0 0 0 -1 0 1
0 0 0 0 0 0 1 0 -5 -3
0 -1 1 -1 0 0 1 1 -3 1

# 236
8 1 1 8 0 10 -5 1 U
-4 0 0 1 0 0 0 1 0 -2
0 -1 1 0 0 0 0 0 1 1
0 1 -3 1 0 0 0 0 0 -1
1 0 1 -1 0 0 0 0 0 1
0 0 0 0 -1 1 0 0 0 1
0 0 0 0 1 -2 1 0 0 0
0 0 0 0 0 1 -3 1 0 -1
1 0 0 0 0 0 1 -1 0 1
0 1 0 0 0 0 0 0 -5 -3
-2 1 -1 1 1 0 -1 1 -3 1

# 237
8 1 1 8 0 10 -5 1 U
-1 1 0 0 0 0 0 0 0 1
1 -5 1 0 0 0 0 1 0 -3
0 1 -1 1 0 0 0 0 0 1
0 0 1 -2 1 0 0 0 0 0
0 0 0 1 -3 1 0 0 0 -1
0 0 0 0 1 -2 1 0 0 0
0 0 0 0 0 1 -1 0 1 1
0 1 0 0 0 0 0 -1 0 1
0 0 0 0 0 0 1 0 -5 -3
1 -3 1 0 -1 0 1 1 -3 1

# 238
8 1 1 8 0 10 -5 1 U
-1 1 0 0 0 0 0 0 0 1
1 -3 1 0 0 0 0 1 0 -1
0 1 -1 1 0 0 0 0 0 1
0 0 1 -5 1 0 0 0 0 -3
0 0 0 1 -1 1 0 0 0 1
0 0 0 0 1 -3 1 0 0 -1
0 0 0 0 0 1 -1 0 1 1
0 1 0 0 0 0 0 -2 0 0
0 0 0 0 0 0 1 0 -5 -3
1 -1 1 -3 1 -1 1 0 -3 1

# 239
8 1 1 8 0 10 -5 1 U
-1 1 0 0 0 0 0 0 1 1
1 -3 1 0 0 0 0 0 0 -1
0 1 -1 1 0 0 0 0 0 1
0 0 1 -5 1 0 0 1 0 -3
0 0 0 1 -1 1 0 0 0 1
0 0 0 0 1 -3 1 0 0 -1
0 0 0 0 0 1 -1 0 0 1
0 0 0 1 0 0 0 -1 0 1
1 0 0 0 0 0 0 0 -5 -3
1 -1 1 -3 1 -1 1 1 -3 1

# 240
8 1 1 8 0 10 -5 1 U
-3 1 0 0 0 0 0 1 0 -1
1 -2 1 0 0 0 0 0 0 0
0 1 -1 1 0 0 0 0 0 1
0 0 1 -5 1 0 0 0 0 -3
0 0 0 1 -1 1 0 0 0 1
0 0 0 0 1 -3 1 0 0 -1
0 0 0 0 0 1 -1 0 0 1
1 0 0 0 0 0 0 -1 1 1
0 0 0 0 0 0 0 1 -5 -3
-1 0 1 -3 1 -1 1 1 -3 1

# 241
8 1 1 8 0 10 -5 1 U
-4 0 1 0 0 0 0 1 0 -2
0 -2 1 0 0 0 0 0 0 0
1 1 -1 0 0 0 0 0 0 1
0 0 0 -1 1 0 0 0 1 1
0 0 0 1 -2 1 0 0 0 0
0 0 0 0 1 -2 1 0 0 0
0 0 0 0 0 1 -3 1 0 -1
1 0 0 0 0 0 1 -1 0 1
0 0 0 1 0 0 0 0 -5 -3
-2 0 1 1 0 0 -1 1 -3 1

# 242
8 1 1 8 0 10 -5 1 U
-6 1 0 1 0 0 0 1 0 -4
1 -1 0 0 0 0 0 0 0 1
0 0 -2 1 0 0 0 0 0 0
1 0 1 -1 0 0 0 0 0 1
0 0 0 0 -1 1 0 0 1 1
0 0 0 0 1 -3 1 0 0 -1
0 0 0 0 0 1 -2 1 0 0
1 0 0 0 0 0 1 -1 0 1
0 0 0 0 1 0 0 0 -5 -3
-4 1 0 1 1 -1 0 1 -3 1

# 243
8 1 1 8 0 10 -5 1 U
-6 1 0 0 1 0 0 1 0 -4
1 -1 0 0 0 0 0 0 0 1
0 0 -2 1 0 0 0 0 0 0
0 0 1 -2 1 0 0 0 0 0
1 0 0 1 -1 0 0 0 0 1
0 0 0 0 0 -1 1 0 1 1
0 0 0 0 0 1 -3 1 0 -1
1 0 0 0 0 0 1 -1 0 1
0 0 0 0 0 1 0 0 -5 -3
-4 1 0 0 1 1 -1 1 -3 1

# 244
8 1 1 8 0 10 -5 1 U
-3 1 0 0 0 0 0 1 0 -1
1 -2 1 0 0 0 0 0 0 0
0 1 -1 1 0 0 0 0 0 1
0 0 1 -5 1 0 0 0 0 -3
0 0 0 1 -1 1 0 0 0 1
0 0 0 0 1 -3 1 0 0 -1
0 0 0 0 0 1 -1 0 1 1
1 0 0 0 0 0 0 -1 0 1
0 0 0 0 0 0 1 0 -5 -3
-1 0 1 -3 1 -1 1 1 -3 1

# 245
8 1 1 8 0 10 -5 1 U
-1 1 0 0 0 0 0 0 1 1
1 -2 1 0 0 0 0 0 0 0
0 1 -2 1 0 0 0 0 0 0
0 0 1 -2 1 0 0 0 0 0
0 0 0 1 -2 1 0 0 0 0
0 0 0 0 1 -2 1 0 0 0
0 0 0 0 0 1 -2 1 0 0
0 0 0 0 0 0 1 -1 0 1
1 0 0 0 0 0 0 0 -5 -3
1 0 0 0 0 0 0 1 -3 1

# 246
8 1 1 8 0 10 -5 1 U
-2 1 0 0 0 0 0 1 0 0
1 -1 1 0 0 0 0 0 0 1
0 1 -5 1 0 0 0 0 0 -3
0 0 1 -1 1 0 0 0 0 1
0 0 0 1 -3 1 0 0 0 -1
0 0 0 0 1 -2 1 0 0 0
0 0 0 0 0 1 -1 0 1 1
1 0 0 0 0 0 0 -2 0 0
0 0 0 0 0 0 1 0 -5 -3
0 1 -3 1 -1 0 1 0 -3 1

# 247
8 1 1 8 0 10 -5 1 U
-6 1 1 0 0 0 0 1 0 -4
1 -1 0 0 0 0 0 0 0 1
1 0 -1 0 0 0 0 0 0 1
0 0 0 -1 1 0 0 0 1 1
0 0 0 1 -3 1 0 0 0 -1
0 0 0 0 1 -2 1 0 0 0
0 0 0 0 0 1 -2 1 0 0
1 0 0 0 0 0 1 -1 0 1
0 0 0 1 0 0 0 0 -5 -3
-4 1 1 1 -1 0 0 1 -3 1

# 248
8 1 1 8 0 10 -5 1 U
-4 1 1 0 0 0 0 1 0 -2
1 -1 0 0 0 0 0 0 0 1
1 0 -1 0 0 0 0 0 0 1
0 0 0 -1 1 0 0 0 1 1
0 0 0 1 -2 1 0 0 0 0
0 0 0 0 1 -2 1 0 0 0
0 0 0 0 0 1 -3 1 0 -1
1 0 0 0 0 0 1 -1 0 1
0 0 0 1 0 0 0 0 -5 -3
-2 1 1 1 0 0 -1 1 -3 1

# 249
8 1 1 8 0 10 -5 1 U
-1 0 1 0 0 0 0 1 0 1
0 -1 1 0 0 0 0 0 0 1
1 1 -5 1 0 0 0 0 0 -3
0 0 1 -1 1 0 0 0 0 1
0 0 0 1 -3 1 0 0 0 -1
0 0 0 0 1 -2 1 0 0 0
0 0 0 0 0 1 -1 0 1 1
1 0 0 0 0 0 0 -2 0 0
0 0 0 0 0 0 1 0 -5 -3
1 1 -3 1 -1 0 1 0 -3 1

# 250
8 1 1 8 0 10 -5 1 U
-1 0 1 0 0 0 0 0 0 1
0 -1 1 0 0 0 0 0 0 1
1 1 -5 1 0 0 0 1 0 -3
0 0 1 -1 1 0 0 0 0 1
0 0 0 1 -3 1 0 0 0 -1
0 0 0 0 1 -2 1 0 0 0
0 0 0 0 0 1 -1 0 1 1
0 0 1 0 0 0 0 -1 0 1
0 0 0 0 0 0 1 0 -5 -3
1 1 -3 1 -1 0 1 1 -3 1

# 251
8 1 1 8 0 10 -5 1 U
-6 0 0 0 1 0 0 1 0 -4
0 -2 1 0 0 0 0 0 0 0
0 1 -2 1 0 0 0 0 0 0
0 0 1 -2 1 0 0 0 0 0
1 0 0 1 -1 0 0 0 0 1
0 0 0 0 0 -1 1 0 1 1
0 0 0 0 0 1 -3 1 0 -1
1 0 0 0 0 0 1 -1 0 1
0 0 0 0 0 1 0 0 -5 -3
-4 0 0 0 1 1 -1 1 -3 1

# 252
8 1 1 8 0 10 -5 1 U
-6 0 0 1 0 0 0 1 0 -4
0 -2 1 0 0 0 0 0 0 0
0 1 -2 1 0 0 0 0 0 0
1 0 1 -1 0 0 0 0 0 1
0 0 0 0 -1 1 0 0 1 1
0 0 0 0 1 -3 1 0 0 -1
0 0 0 0 0 1 -2 1 0 0
1 0 0 0 0 0 1 -1 0 1
0 0 0 0 1 0 0 0 -5 -3
-4 0 0 1 1 -1 0 1 -3 1

# 253
8 1 1 8 0 10 -5 1 U
-6 0 1 0 0 0 0 1 0 -4
0 -2 1 0 0 0 0 0 0 0
1 1 -1 0 0 0 0 0 0 1
0 0 0 -1 1 0 0 0 1 1
0 0 0 1 -3 1 0 0 0 -1
0 0 0 0 1 -2 1 0 0 0
0 0 0 0 0 1 -2 1 0 0
1 0 0 0 0 0 1 -1 0 1
0 0 0 1 0 0 0 0 -5 -3
-4 0 1 1 -1 0 0 1 -3 1

# 254
8 1 1 8 0 10 -5 1 U
-4 1 0 1 1 0 0 0 0 -2
1 -1 1 0 0 0 0 0 0 1
0 1 -4 0 0 0 0 1 0 -2
1 0 0 -1 0 0 0 0 0 1
1 0 0 0 -1 0 0 0 0 1
0 0 0 0 0 -1 1 0 1 1
0 0 0 0 0 1 -3 1 0 -1
0 0 1 0 0 0 1 -1 0 1
0 0 0 0 0 1 0 0 -5 -3
-2 1 -2 1 1 1 -1 1 -3 1

# 255
8 1 1 8 0 10 -5 1 U
-1 1 0 0 0 0 0 1 0 1
1 -5 1 0 0 0 0 0 0 -3
0 1 -1 1 0 0 0 0 0 1
0 0 1 -2 1 0 0 0 0 0
0 0 0 1 -3 1 0 0 0 -1
0 0 0 0 1 -2 1 0 0 0
0 0 0 0 0 1 -1 0 1 1
1 0 0 0 0 0 0 -2 0 0
0 0 0 0 0 0 1 0 -5 -3
1 -3 1 0 -1 0 1 0 -3 1

# 256
8 4 1 8 0 10 -5 1 N
-4 0 0 1 0 0 0 1 0 -2
0 -1 1 0 0 0 0 0 1 1
0 1 -3 1 0 0 0 0 0 -1
1 0 1 -1 0 0 0 0 0 1
0 0 0 0 -2 0 1 0 0 0
0 0 0 0 0 -2 1 0 0 0
0 0 0 0 1 1 -3 1 0 -1
1 0 0 0 0 0 1 -1 0 1
0 1 0 0 0 0 0 0 -5 -3
-2 1 -1 1 0 0 -1 1 -3 1

# 257
8 4 1 8 0 10 -5 2 N
-1 1 0 0 0 0 0 0 1 1
1 -3 1 0 0 0 0 0 0 -1
0 1 -1 1 0 0 0 0 0 1
0 0 1 -5 1 0 0 1 0 -3
0 0 0 1 -1 1 0 0 0 1
0 0 0 0 1 -3 1 0 0 -1
0 0 0 0 0 1 -1 0 1 1
0 0 0 1 0 0 0 -1 0 1
1 0 0 0 0 0 1 0 -5 -3
1 -1 1 -3 1 -1 1 1 -3 1

# 258
8 4 1 8 0 10 -5 2 N
-1 1 0 0 0 0 0 0 1 1
1 -2 1 0 0 0 0 0 0 0
0 1 -2 1 0 0 0 0 0 0
0 0 1 -2 1 0 0 0 0 0
0 0 0 1 -2 1 0 0 0 0
0 0 0 0 1 -2 1 0 0 0
0 0 0 0 0 1 -2 1 0 0
0 0 0 0 0 0 1 -1 1 1
1 0 0 0 0 0 0 1 -5 -3
1 0 0 0 0 0 0 1 -3 1

# 259
8 4 1 8 0 10 -5 1 N
-3 1 0 0 0 0 0 0 0 -1
1 -1 0 1 0 0 0 0 0 1
0 0 -1 1 0 0 0 1 0 1
0 1 1 -5 1 0 0 0 0 -3
0 0 0 1 -1 1 0 0 0 1
0 0 0 0 1 -3 1 0 0 -1
0 0 0 0 0 1 -1 0 1 1
0 0 1 0 0 0 0 -3 0 -1
0 0 0 0 0 0 1 0 -5 -3
-1 1 1 -3 1 -1 1 -1 -3 1

# 260
8 4 1 8 0 10 -5 1 N
-2 1 0 0 0 0 1 1 0 0
1 -2 1 0 0 0 0 0 0 0
0 1 -2 1 0 0 0 0 0 0
0 0 1 -2 1 0 0 0 0 0
0 0 0 1 -2 1 0 0 0 0
0 0 0 0 1 -1 0 0 1 1
1 0 0 0 0 0 -2 0 0 0
1 0 0 0 0 0 0 -2 0 0
0 0 0 0 0 1 0 0 -5 -3
0 0 0 0 0 1 0 0 -3 1

# 261
8 4 1 8 0 10 -5 1 N
-1 1 0 0 0 0 0 0 1 1
1 -3 1 0 0 0 0 1 0 -1
0 1 -1 1 0 0 0 0 0 1
0 0 1 -5 1 0 0 0 0 -3
0 0 0 1 -1 1 0 0 0 1
0 0 0 0 1 -3 1 0 0 -1
0 0 0 0 0 1 -1 0 0 1
0 1 0 0 0 0 0 -2 0 0
1 0 0 0 0 0 0 0 -5 -3
1 -1 1 -3 1 -1 1 0 -3 1

# 262
8 4 1 8 0 10 -5 2 N
-2 1 0 0 0 0 0 1 0 0
1 -3 1 0 0 0 0 0 0 -1
0 1 -1 1 0 0 0 0 0 1
0 0 1 -3 1 0 0 0 0 -1
0 0 0 1 -2 1 0 0 0 0
0 0 0 0 1 -2 1 0 0 0
0 0 0 0 0 1 -1 0 1 1
1 0 0 0 0 0 0 -1 1 1
0 0 0 0 0 0 1 1 -5 -3
0 -1 1 -1 0 0 1 1 -3 1

# 263
8 4 1 8 0 10 -5 2 N
-4 0 0 1 0 0 0 1 0 -2
0 -1 1 0 0 0 0 0 1 1
0 1 -3 1 0 0 0 0 0 -1
1 0 1 -1 0 0 0 0 0 1
0 0 0 0 -1 1 0 0 1 1
0 0 0 0 1 -2 1 0 0 0
0 0 0 0 0 1 -3 1 0 -1
1 0 0 0 0 0 1 -1 0 1
0 1 0 0 1 0 0 0 -5 -3
-2 1 -1 1 1 0 -1 1 -3 1

# 264
8 4 1 8 0 10 -5 1 N
-2 1 0 0 0 0 0 0 0 0
1 -3 1 0 0 0 0 1 0 -1
0 1 -1 1 0 0 0 0 0 1
0 0 1 -3 1 0 0 0 0 -1
0 0 0 1 -2 1 0 0 0 0
0 0 0 0 1 -2 1 0 0 0
0 0 0 0 0 1 -1 0 1 1
0 1 0 0 0 0 0 -2 0 0
0 0 0 0 0 0 1 0 -5 -3
0 -1 1 -1 0 0 1 0 -3 1

# 265
8 4 1 8 0 10 -5 2 N
-3 1 0 0 0 0 0 1 0 -1
1 -2 1 0 0 0 0 0 0 0
0 1 -1 1 0 0 0 0 0 1
0 0 1 -5 1 0 0 0 0 -3
0 0 0 1 -1 1 0 0 0 1
0 0 0 0 1 -3 1 0 0 -1
0 0 0 0 0 1 -1 0 1 1
1 0 0 0 0 0 0 -1 1 1
0 0 0 0 0 0 1 1 -5 -3
-1 0 1 -3 1 -1 1 1 -3 1

# 266
8 9 1 8 0 10 -5 2 N
-1 1 0 0 0 0 0 0 1 1
1 -3 1 0 0 0 0 1 0 -1
0 1 -1 1 0 0 0 0 0 1
0 0 1 -5 1 0 0 0 0 -3
0 0 0 1 -1 1 0 0 0 1
0 0 0 0 1 -3 1 0 0 -1
0 0 0 0 0 1 -1 0 1 1
0 1 0 0 0 0 0 -2 0 0
1 0 0 0 0 0 1 0 -5 -3
1 -1 1 -3 1 -1 1 0 -3 1

# 267
8 1 1 8 0 10 -6 1 U
-2 1 0 0 0 0 0 1 0 0
1 -1 1 0 0 0 0 0 0 1
0 1 -5 1 0 0 0 0 0 -3
0 0 1 -1 1 0 0 0 0 1
0 0 0 1 -3 1 0 0 0 -1
0 0 0 0 1 -2 1 0 0 0
0 0 0 0 0 1 -1 0 1 1
1 0 0 0 0 0 0 -2 0 0
0 0 0 0 0 0 1 0 -6 -4
0 1 -3 1 -1 0 1 0 -4 1

# 268
8 1 1 8 0 10 -6 1 U
-6 1 0 0 1 0 0 1 0 -4
1 -1 0 0 0 0 0 0 0 1
0 0 -2 1 0 0 0 0 0 0
0 0 1 -2 1 0 0 0 0 0
1 0 0 1 -1 0 0 0 0 1
0 0 0 0 0 -1 1 0 1 1
0 0 0 0 0 1 -3 1 0 -1
1 0 0 0 0 0 1 -1 0 1
0 0 0 0 0 1 0 0 -6 -4
-4 1 0 0 1 1 -1 1 -4 1

# 269
8 1 1 8 0 10 -6 1 U
-1 1 0 0 0 0 0 1 0 1
1 -3 1 0 0 0 0 0 0 -1
0 1 -1 1 0 0 0 0 0 1
0 0 1 -5 1 0 0 0 0 -3
0 0 0 1 -1 1 0 0 0 1
0 0 0 0 1 -3 1 0 0 -1
0 0 0 0 0 1 -1 0 1 1
1 0 0 0 0 0 0 -3 0 -1
0 0 0 0 0 0 1 0 -6 -4
1 -1 1 -3 1 -1 1 -1 -4 1

# 270
8 1 1 8 0 10 -6 1 U
-6 0 1 0 1 0 0 1 0 -4
0 -2 1 0 0 0 0 0 0 0
1 1 -1 0 0 0 0 0 0 1
0 0 0 -2 1 0 0 0 0 0
1 0 0 1 -1 0 0 0 0 1
0 0 0 0 0 -1 1 0 1 1
0 0 0 0 0 1 -3 1 0 -1
1 0 0 0 0 0 1 -1 0 1
0 0 0 0 0 1 0 0 -6 -4
-4 0 1 0 1 1 -1 1 -4 1

# 271
8 1 1 8 0 10 -6 1 U
-1 1 0 0 0 0 0 0 0 1
1 -3 1 0 0 0 0 1 0 -1
0 1 -1 1 0 0 0 0 0 1
0 0 1 -5 1 0 0 0 0 -3
0 0 0 1 -1 1 0 0 0 1
0 0 0 0 1 -3 1 0 0 -1
0 0 0 0 0 1 -1 0 1 1
0 1 0 0 0 0 0 -2 0 0
0 0 0 0 0 0 1 0 -6 -4
1 -1 1 -3 1 -1 1 0 -4 1

# 272
8 1 1 8 0 10 -6 1 U
-2 1 0 0 0 0 0 1 0 0
1 -3 1 0 0 0 0 0 0 -1
0 1 -1 1 0 0 0 0 0 1
0 0 1 -3 1 0 0 0 0 -1
0 0 0 1 -2 1 0 0 0 0
0 0 0 0 1 -2 1 0 0 0
0 0 0 0 0 1 -1 0 0 1
1 0 0 0 0 0 0 -1 1 1
0 0 0 0 0 0 0 1 -6 -4
0 -1 1 -1 0 0 1 1 -4 1

# 273
8 1 1 8 0 10 -6 1 U
-2 1 0 0 0 0 0 1 0 0
1 -3 1 0 0 0 0 0 0 -1
0 1 -1 1 0 0 0 0 0 1
0 0 1 -3 1 0 0 0 0 -1
0 0 0 1 -2 1 0 0 0 0
0 0 0 0 1 -2 1 0 0 0
0 0 0 0 0 1 -1 0 1 1
1 0 0 0 0 0 0 -1 0 1
0 0 0 0 0 0 1 0 -6 -4
0 -1 1 -1 0 0 1 1 -4 1

# 274
8 1 1 8 0 10 -6 1 U
-1 1 0 0 0 0 0 0 1 1
1 -3 1 0 0 0 0 0 0 -1
0 1 -1 1 0 0 0 0 0 1
0 0 1 -5 1 0 0 1 0 -3
0 0 0 1 -1 1 0 0 0 1
0 0 0 0 1 -3 1 0 0 -1
0 0 0 0 0 1 -1 0 0 1
0 0 0 1 0 0 0 -1 0 1
1 0 0 0 0 0 0 0 -6 -4
1 -1 1 -3 1 -1 1 1 -4 1

# 275
8 1 1 8 0 10 -6 1 U
-4 0 1 0 0 0 0 1 0 -2
0 -2 1 0 0 0 0 0 0 0
1 1 -1 0 0 0 0 0 0 1
0 0 0 -1 1 0 0 0 1 1
0 0 0 1 -2 1 0 0 0 0
0 0 0 0 1 -2 1 0 0 0
0 0 0 0 0 1 -3 1 0 -1
1 0 0 0 0 0 1 -1 0 1
0 0 0 1 0 0 0 0 -6 -4
-2 0 1 1 0 0 -1 1 -4 1

# 276
8 1 1 8 0 10 -6 1 U
-4 1 1 0 0 0 0 1 0 -2
1 -1 0 0 0 0 0 0 0 1
1 0 -1 0 0 0 0 0 0 1
0 0 0 -1 1 0 0 0 1 1
0 0 0 1 -2 1 0 0 0 0
0 0 0 0 1 -2 1 0 0 0
0 0 0 0 0 1 -3 1 0 -1
1 0 0 0 0 0 1 -1 0 1
0 0 0 1 0 0 0 0 -6 -4
-2 1 1 1 0 0 -1 1 -4 1

# 277
8 1 1 8 0 10 -6 1 U
-3 1 0 0 0 0 0 1 0 -1
1 -2 1 0 0 0 0 0 0 0
0 1 -1 1 0 0 0 0 0 1
0 0 1 -5 1 0 0 0 0 -3
0 0 0 1 -1 1 0 0 0 1
0 0 0 0 1 -3 1 0 0 -1
0 0 0 0 0 1 -1 0 1 1
1 0 0 0 0 0 0 -1 0 1
0 0 0 0 0 0 1 0 -6 -4
-1 0 1 -3 1 -1 1 1 -4 1

# 278
8 1 1 8 0 10 -6 1 U
-4 1 0 1 1 0 0 0 0 -2
1 -1 1 0 0 0 0 0 0 1
0 1 -4 0 0 0 0 1 0 -2
1 0 0 -1 0 0 0 0 0 1
1 0 0 0 -1 0 0 0 0 1
0 0 0 0 0 -1 1 0 1 1
0 0 0 0 0 1 -3 1 0 -1
0 0 1 0 0 0 1 -1 0 1
0 0 0 0 0 1 0 0 -6 -4
-2 1 -2 1 1 1 -1 1 -4 1

# 279
8 1 1 8 0 10 -6 1 U
-4 0 0 1 0 0 0 1 0 -2
0 -1 1 0 0 0 0 0 0 1
0 1 -3 1 0 0 0 0 0 -1
1 0 1 -1 0 0 0 0 0 1
0 0 0 0 -1 1 0 0 1 1
0 0 0 0 1 -2 1 0 0 0
0 0 0 0 0 1 -3 1 0 -1
1 0 0 0 0 0 1 -1 0 1
0 0 0 0 1 0 0 0 -6 -4
-2 1 -1 1 1 0 -1 1 -4 1

# 280
8 1 1 8 0 10 -6 1 U
-4 0 0 1 0 0 0 1 0 -2
0 -1 1 0 0 0 0 0 1 1
0 1 -3 1 0 0 0 0 0 -1
1 0 1 -1 0 0 0 0 0 1
0 0 0 0 -1 1 0 0 0 1
0 0 0 0 1 -2 1 0 0 0
0 0 0 0 0 1 -3 1 0 -1
1 0 0 0 0 0 1 -1 0 1
0 1 0 0 0 0 0 0 -6 -4
-2 1 -1 1 1 0 -1 1 -4 1

# 281
8 1 1 8 0 10 -6 1 U
-6 0 0 0 1 0 0 1 0 -4
0 -2 1 0 0 0 0 0 0 0
0 1 -2 1 0 0 0 0 0 0
0 0 1 -2 1 0 0 0 0 0
1 0 0 1 -1 0 0 0 0 1
0 0 0 0 0 -1 1 0 1 1
0 0 0 0 0 1 -3 1 0 -1
1 0 0 0 0 0 1 -1 0 1
0 0 0 0 0 1 0 0 -6 -4
-4 0 0 0 1 1 -1 1 -4 1

# 282
8 1 1 8 0 10 -6 1 U
-4 1 0 0 1 0 0 0 0 -2
1 -1 1 0 0 0 0 0 0 1
0 1 -4 0 0 0 0 1 0 -2
0 0 0 -2 1 0 0 0 0 0
1 0 0 1 -1 0 0 0 0 1
0 0 0 0 0 -1 1 0 1 1
0 0 0 0 0 1 -3 1 0 -1
0 0 1 0 0 0 1 -1 0 1
0 0 0 0 0 1 0 0 -6 -4
-2 1 -2 0 1 1 -1 1 -4 1

# 283
8 1 1 8 0 10 -6 1 U
-1 0 1 0 0 0 0 1 0 1
0 -1 1 0 0 0 0 0 0 1
1 1 -5 1 0 0 0 0 0 -3
0 0 1 -1 1 0 0 0 0 1
0 0 0 1 -3 1 0 0 0 -1
0 0 0 0 1 -2 1 0 0 0
0 0 0 0 0 1 -1 0 1 1
1 0 0 0 0 0 0 -2 0 0
0 0 0 0 0 0 1 0 -6 -4
1 1 -3 1 -1 0 1 0 -4 1

# 284
8 1 1 8 0 10 -6 1 U
-1 0 1 0 0 0 0 0 0 1
0 -1 1 0 0 0 0 0 0 1
1 1 -5 1 0 0 0 1 0 -3
0 0 1 -1 1 0 0 0 0 1
0 0 0 1 -3 1 0 0 0 -1
0 0 0 0 1 -2 1 0 0 0
0 0 0 0 0 1 -1 0 1 1
0 0 1 0 0 0 0 -1 0 1
0 0 0 0 0 0 1 0 -6 -4
1 1 -3 1 -1 0 1 1 -4 1

# 285
8 1 1 8 0 10 -6 1 U
-1 1 0 0 0 0 0 0 1 1
1 -2 1 0 0 0 0 0 0 0
0 1 -2 1 0 0 0 0 0 0
0 0 1 -2 1 0 0 0 0 0
0 0 0 1 -2 1 0 0 0 0
0 0 0 0 1 -2 1 0 0 0
0 0 0 0 0 1 -2 1 0 0
0 0 0 0 0 0 1 -1 0 1
1 0 0 0 0 0 0 0 -6 -4
1 0 0 0 0 0 0 1 -4 1

# 286
8 1 1 8 0 10 -6 1 U
-1 1 0 0 0 0 0 1 0 1
1 -5 1 0 0 0 0 0 0 -3
0 1 -1 1 0 0 0 0 0 1
0 0 1 -2 1 0 0 0 0 0
0 0 0 1 -3 1 0 0 0 -1
0 0 0 0 1 -2 1 0 0 0
0 0 0 0 0 1 -1 0 1 1
1 0 0 0 0 0 0 -2 0 0
0 0 0 0 0 0 1 0 -6 -4
1 -3 1 0 -1 0 1 0 -4 1

# 287
8 1 1 8 0 10 -6 1 U
-1 1 0 0 0 0 0 0 0 1
1 -5 1 0 0 0 0 1 0 -3
0 1 -1 1 0 0 0 0 0 1
0 0 1 -2 1 0 0 0 0 0
0 0 0 1 -3 1 0 0 0 -1
0 0 0 0 1 -2 1 0 0 0
0 0 0 0 0 1 -1 0 1 1
0 1 0 0 0 0 0 -1 0 1
0 0 0 0 0 0 1 0 -6 -4
1 -3 1 0 -1 0 1 1 -4 1

# 288
8 1 1 8 0 10 -6 1 U
-6 1 1 0 0 1 0 1 0 -4
1 -1 0 0 0 0 0 0 0 1
1 0 -1 0 0 0 0 0 0 1
0 0 0 -1 1 0 0 0 1 1
0 0 0 1 -3 1 0 0 0 -1
1 0 0 0 1 -1 0 0 0 1
0 0 0 0 0 0 -2 1 0 0
1 0 0 0 0 0 1 -1 0 1
0 0 0 1 0 0 0 0 -6 -4
-4 1 1 1 -1 1 0 1 -4 1

# 289
8 4 1 8 0 10 -6 1 N
-3 1 0 0 0 0 0 0 0 -1
1 -1 0 1 0 0 0 0 0 1
0 0 -1 1 0 0 0 1 0 1
0 1 1 -5 1 0 0 0 0 -3
0 0 0 1 -1 1 0 0 0 1
0 0 0 0 1 -3 1 0 0 -1
0 0 0 0 0 1 -1 0 1 1
0 0 1 0 0 0 0 -3 0 -1
0 0 0 0 0 0 1 0 -6 -4
-1 1 1 -3 1 -1 1 -1 -4 1

# 290
8 4 1 8 0 10 -6 2 N
-1 1 0 0 0 0 0 0 1 1
1 -2 1 0 0 0 0 0 0 0
0 1 -2 1 0 0 0 0 0 0
0 0 1 -2 1 0 0 0 0 0
0 0 0 1 -2 1 0 0 0 0
0 0 0 0 1 -2 1 0 0 0
0 0 0 0 0 1 -2 1 0 0
0 0 0 0 0 0 1 -1 1 1
1 0 0 0 0 0 0 1 -6 -4
1 0 0 0 0 0 0 1 -4 1

# 291
8 4 1 8 0 10 -6 2 N
-4 0 0 1 0 0 0 1 0 -2
0 -1 1 0 0 0 0 0 1 1
0 1 -3 1 0 0 0 0 0 -1
1 0 1 -1 0 0 0 0 0 1
0 0 0 0 -1 1 0 0 1 1
0 0 0 0 1 -2 1 0 0 0
0 0 0 0 0 1 -3 1 0 -1
1 0 0 0 0 0 1 -1 0 1
0 1 0 0 1 0 0 0 -6 -4
-2 1 -1 1 1 0 -1 1 -4 1

# 292
8 4 1 8 0 10 -6 1 N
-4 0 0 1 0 0 0 1 0 -2
0 -1 1 0 0 0 0 0 1 1
0 1 -3 1 0 0 0 0 0 -1
1 0 1 -1 0 0 0 0 0 1
0 0 0 0 -2 0 1 0 0 0
0 0 0 0 0 -2 1 0 0 0
0 0 0 0 1 1 -3 1 0 -1
1 0 0 0 0 0 1 -1 0 1
0 1 0 0 0 0 0 0 -6 -4
-2 1 -1 1 0 0 -1 1 -4 1

# 293
8 4 1 8 0 10 -6 2 N
-1 1 0 0 0 0 0 0 1 1
1 -3 1 0 0 0 0 0 0 -1
0 1 -1 1 0 0 0 0 0 1
0 0 1 -5 1 0 0 1 0 -3
0 0 0 1 -1 1 0 0 0 1
0 0 0 0 1 -3 1 0 0 -1
0 0 0 0 0 1 -1 0 1 1
0 0 0 1 0 0 0 -1 0 1
1 0 0 0 0 0 1 0 -6 -4
1 -1 1 -3 1 -1 1 1 -4 1

# 294
8 4 1 8 0 10 -6 1 N
-2 1 0 0 0 0 1 1 0 0
1 -2 1 0 0 0 0 0 0 0
0 1 -2 1 0 0 0 0 0 0
0 0 1 -2 1 0 0 0 0 0
0 0 0 1 -2 1 0 0 0 0
0 0 0 0 1 -1 0 0 1 1
1 0 0 0 0 0 -2 0 0 0
1 0 0 0 0 0 0 -2 0 0
0 0 0 0 0 1 0 0 -6 -4
0 0 0 0 0 1 0 0 -4 1

# 295
8 4 1 8 0 10 -6 1 N
-2 1 0 0 0 0 0 0 0 0
1 -3 1 0 0 0 0 1 0 -1
0 1 -1 1 0 0 0 0 0 1
0 0 1 -3 1 0 0 0 0 -1
0 0 0 1 -2 1 0 0 0 0
0 0 0 0 1 -2 1 0 0 0
0 0 0 0 0 1 -1 0 1 1
0 1 0 0 0 0 0 -2 0 0
0 0 0 0 0 0 1 0 -6 -4
0 -1 1 -1 0 0 1 0 -4 1

# 296
8 4 1 8 0 10 -6 2 N
-2 1 0 0 0 0 0 1 0 0
1 -3 1 0 0 0 0 0 0 -1
0 1 -1 1 0 0 0 0 0 1
0 0 1 -3 1 0 0 0 0 -1
0 0 0 1 -2 1 0 0 0 0
0 0 0 0 1 -2 1 0 0 0
0 0 0 0 0 1 -1 0 1 1
1 0 0 0 0 0 0 -1 1 1
0 0 0 0 0 0 1 1 -6 -4
0 -1 1 -1 0 0 1 1 -4 1

# 297
8 1 1 8 0 10 -7 1 U
-2 1 0 0 0 0 0 1 0 0
1 -3 1 0 0 0 0 0 0 -1
0 1 -1 1 0 0 0 0 0 1
0 0 1 -3 1 0 0 0 0 -1
0 0 0 1 -2 1 0 0 0 0
0 0 0 0 1 -2 1 0 0 0
0 0 0 0 0 1 -1 0 0 1
1 0 0 0 0 0 0 -1 1 1
0 0 0 0 0 0 0 1 -7 -5
0 -1 1 -1 0 0 1 1 -5 1

# 298
8 1 1 8 0 10 -7 1 U
-4 1 1 0 0 0 0 1 0 -2
1 -1 0 0 0 0 0 0 0 1
1 0 -1 0 0 0 0 0 0 1
0 0 0 -1 1 0 0 0 1 1
0 0 0 1 -2 1 0 0 0 0
0 0 0 0 1 -2 1 0 0 0
0 0 0 0 0 1 -3 1 0 -1
1 0 0 0 0 0 1 -1 0 1
0 0 0 1 0 0 0 0 -7 -5
-2 1 1 1 0 0 -1 1 -5 1

# 299
8 1 1 8 0 10 -7 1 U
-1 0 1 0 0 0 0 0 0 1
0 -1 1 0 0 0 0 0 0 1
1 1 -5 1 0 0 0 1 0 -3
0 0 1 -1 1 0 0 0 0 1
0 0 0 1 -3 1 0 0 0 -1
0 0 0 0 1 -2 1 0 0 0
0 0 0 0 0 1 -1 0 1 1
0 0 1 0 0 0 0 -1 0 1
0 0 0 0 0 0 1 0 -7 -5
1 1 -3 1 -1 0 1 1 -5 1

# 300
8 1 1 8 0 10 -7 1 U
-2 1 0 0 0 0 0 1 0 0
1 -1 1 0 0 0 0 0 0 1
0 1 -5 1 0 0 0 0 0 -3
0 0 1 -1 1 0 0 0 0 1
0 0 0 1 -3 1 0 0 0 -1
0 0 0 0 1 -2 1 0 0 0
0 0 0 0 0 1 -1 0 1 1
1 0 0 0 0 0 0 -2 0 0
0 0 0 0 0 0 1 0 -7 -5
0 1 -3 1 -1 0 1 0 -5 1

# 301
8 1 1 8 0 10 -7 1 U
-1 1 0 0 0 0 0 1 0 1
1 -5 1 0 0 0 0 0 0 -3
0 1 -1 1 0 0 0 0 0 1
0 0 1 -2 1 0 0 0 0 0
0 0 0 1 -3 1 0 0 0 -1
0 0 0 0 1 -2 1 0 0 0
0 0 0 0 0 1 -1 0 1 1
1 0 0 0 0 0 0 -2 0 0
0 0 0 0 0 0 1 0 -7 -5
1 -3 1 0 -1 0 1 0 -5 1

# 302
8 1 1 8 0 10 -7 1 U
-1 1 0 0 0 0 0 0 0 1
1 -5 1 0 0 0 0 1 0 -3
0 1 -1 1 0 0 0 0 0 1
0 0 1 -2 1 0 0 0 0 0
0 0 0 1 -3 1 0 0 0 -1
0 0 0 0 1 -2 1 0 0 0
0 0 0 0 0 1 -1 0 1 1
0 1 0 0 0 0 0 -1 0 1
0 0 0 0 0 0 1 0 -7 -5
1 -3 1 0 -1 0 1 1 -5 1

# 303
8 1 1 8 0 10 -7 1 U
-2 1 0 0 0 0 0 1 0 0
1 -3 1 0 0 0 0 0 0 -1
0 1 -1 1 0 0 0 0 0 1
0 0 1 -3 1 0 0 0 0 -1
0 0 0 1 -2 1 0 0 0 0
0 0 0 0 1 -2 1 0 0 0
0 0 0 0 0 1 -1 0 1 1
1 0 0 0 0 0 0 -1 0 1
0 0 0 0 0 0 1 0 -7 -5
0 -1 1 -1 0 0 1 1 -5 1

# 304
8 1 1 8 0 10 -7 1 U
-4 0 0 1 0 0 0 1 0 -2
0 -1 1 0 0 0 0 0 0 1
0 1 -3 1 0 0 0 0 0 -1
1 0 1 -1 0 0 0 0 0 1
0 0 0 0 -1 1 0 0 1 1
0 0 0 0 1 -2 1 0 0 0
0 0 0 0 0 1 -3 1 0 -1
1 0 0 0 0 0 1 -1 0 1
0 0 0 0 1 0 0 0 -7 -5
-2 1 -1 1 1 0 -1 1 -5 1

# 305
8 1 1 8 0 10 -7 1 U
-1 0 1 0 0 0 0 1 0 1
0 -1 1 0 0 0 0 0 0 1
1 1 -5 1 0 0 0 0 0 -3
0 0 1 -1 1 0 0 0 0 1
0 0 0 1 -3 1 0 0 0 -1
0 0 0 0 1 -2 1 0 0 0
0 0 0 0 0 1 -1 0 1 1
1 0 0 0 0 0 0 -2 0 0
0 0 0 0 0 0 1 0 -7 -5
1 1 -3 1 -1 0 1 0 -5 1

# 306
8 1 1 8 0 10 -7 1 U
-4 0 1 0 0 0 0 1 0 -2
0 -2 1 0 0 0 0 0 0 0
1 1 -1 0 0 0 0 0 0 1
0 0 0 -1 1 0 0 0 1 1
0 0 0 1 -2 1 0 0 0 0
0 0 0 0 1 -2 1 0 0 0
0 0 0 0 0 1 -3 1 0 -1
1 0 0 0 0 0 1 -1 0 1
0 0 0 1 0 0 0 0 -7 -5
-2 0 1 1 0 0 -1 1 -5 1

# 307
8 1 1 8 0 10 -7 1 U
-1 1 0 0 0 0 0 0 1 1
1 -2 1 0 0 0 0 0 0 0
0 1 -2 1 0 0 0 0 0 0
0 0 1 -2 1 0 0 0 0 0
0 0 0 1 -2 1 0 0 0 0
0 0 0 0 1 -2 1 0 0 0
0 0 0 0 0 1 -2 1 0 0
0 0 0 0 0 0 1 -1 0 1
1 0 0 0 0 0 0 0 -7 -5
1 0 0 0 0 0 0 1 -5 1

# 308
8 4 1 8 0 10 -7 1 N
-2 1 0 0 0 0 1 1 0 0
1 -2 1 0 0 0 0 0 0 0
0 1 -2 1 0 0 0 0 0 0
0 0 1 -2 1 0 0 0 0 0
0 0 0 1 -2 1 0 0 0 0
0 0 0 0 1 -1 0 0 1 1
1 0 0 0 0 0 -2 0 0 0
1 0 0 0 0 0 0 -2 0 0
0 0 0 0 0 1 0 0 -7 -5
0 0 0 0 0 1 0 0 -5 1

# 309
8 4 1 8 0 10 -7 2 N
-2 1 0 0 0 0 0 1 0 0
1 -3 1 0 0 0 0 0 0 -1
0 1 -1 1 0 0 0 0 0 1
0 0 1 -3 1 0 0 0 0 -1
0 0 0 1 -2 1 0 0 0 0
0 0 0 0 1 -2 1 0 0 0
0 0 0 0 0 1 -1 0 1 1
1 0 0 0 0 0 0 -1 1 1
0 0 0 0 0 0 1 1 -7 -5
0 -1 1 -1 0 0 1 1 -5 1

# 310
8 4 1 8 0 10 -7 2 N
-1 1 0 0 0 0 0 0 1 1
1 -2 1 0 0 0 0 0 0 0
0 1 -2 1 0 0 0 0 0 0
0 0 1 -2 1 0 0 0 0 0
0 0 0 1 -2 1 0 0 0 0
0 0 0 0 1 -2 1 0 0 0
0 0 0 0 0 1 -2 1 0 0
0 0 0 0 0 0 1 -1 1 1
1 0 0 0 0 0 0 1 -7 -5
1 0 0 0 0 0 0 1 -5 1

# 311
8 4 1 8 0 10 -7 1 N
-2 1 0 0 0 0 0 0 0 0
1 -3 1 0 0 0 0 1 0 -1
0 1 -1 1 0 0 0 0 0 1
0 0 1 -3 1 0 0 0 0 -1
0 0 0 1 -2 1 0 0 0 0
0 0 0 0 1 -2 1 0 0 0
0 0 0 0 0 1 -1 0 1 1
0 1 0 0 0 0 0 -2 0 0
0 0 0 0 0 0 1 0 -7 -5
0 -1 1 -1 0 0 1 0 -5 1

# 312
8 1 1 8 0 10 -8 1 U
-1 0 1 0 0 0 0 1 0 1
0 -1 1 0 0 0 0 0 0 1
1 1 -5 1 0 0 0 0 0 -3
0 0 1 -1 1 0 0 0 0 1
0 0 0 1 -3 1 0 0 0 -1
0 0 0 0 1 -2 1 0 0 0
0 0 0 0 0 1 -1 0 1 1
1 0 0 0 0 0 0 -2 0 0
0 0 0 0 0 0 1 0 -8 -6
1 1 -3 1 -1 0 1 0 -6 1

# 313
8 1 1 8 0 10 -8 1 U
-2 1 0 0 0 0 0 1 0 0
1 -3 1 0 0 0 0 0 0 -1
0 1 -1 1 0 0 0 0 0 1
0 0 1 -3 1 0 0 0 0 -1
0 0 0 1 -2 1 0 0 0 0
0 0 0 0 1 -2 1 0 0 0
0 0 0 0 0 1 -1 0 0 1
1 0 0 0 0 0 0 -1 1 1
0 0 0 0 0 0 0 1 -8 -6
0 -1 1 -1 0 0 1 1 -6 1

# 314
8 1 1 8 0 10 -8 1 U
-1 0 1 0 0 0 0 0 0 1
0 -1 1 0 0 0 0 0 0 1
1 1 -5 1 0 0 0 1 0 -3
0 0 1 -1 1 0 0 0 0 1
0 0 0 1 -3 1 0 0 0 -1
0 0 0 0 1 -2 1 0 0 0
0 0 0 0 0 1 -1 0 1 1
0 0 1 0 0 0 0 -1 0 1
0 0 0 0 0 0 1 0 -8 -6
1 1 -3 1 -1 0 1 1 -6 1

# 315
8 1 1 8 0 10 -8 1 U
-2 1 0 0 0 0 0 1 0 0
1 -1 1 0 0 0 0 0 0 1
0 1 -5 1 0 0 0 0 0 -3
0 0 1 -1 1 0 0 0 0 1
0 0 0 1 -3 1 0 0 0 -1
0 0 0 0 1 -2 1 0 0 0
0 0 0 0 0 1 -1 0 1 1
1 0 0 0 0 0 0 -2 0 0
0 0 0 0 0 0 1 0 -8 -6
0 1 -3 1 -1 0 1 0 -6 1

# 316
8 1 1 8 0 10 -8 1 U
-4 0 0 1 0 0 0 1 0 -2
0 -1 1 0 0 0 0 0 0 1
0 1 -3 1 0 0 0 0 0 -1
1 0 1 -1 0 0 0 0 0 1
0 0 0 0 -1 1 0 0 1 1
0 0 0 0 1 -2 1 0 0 0
0 0 0 0 0 1 -3 1 0 -1
1 0 0 0 0 0 1 -1 0 1
0 0 0 0 1 0 0 0 -8 -6
-2 1 -1 1 1 0 -1 1 -6 1

# 317
8 1 1 8 0 10 -8 1 U
-4 1 1 0 0 0 0 1 0 -2
1 -1 0 0 0 0 0 0 0 1
1 0 -1 0 0 0 0 0 0 1
0 0 0 -1 1 0 0 0 1 1
0 0 0 1 -2 1 0 0 0 0
0 0 0 0 1 -2 1 0 0 0
0 0 0 0 0 1 -3 1 0 -1
1 0 0 0 0 0 1 -1 0 1
0 0 0 1 0 0 0 0 -8 -6
-2 1 1 1 0 0 -1 1 -6 1

# 318
8 1 1 8 0 10 -8 1 U
-1 1 0 0 0 0 0 1 0 1
1 -5 1 0 0 0 0 0 0 -3
0 1 -1 1 0 0 0 0 0 1
0 0 1 -2 1 0 0 0 0 0
0 0 0 1 -3 1 0 0 0 -1
0 0 0 0 1 -2 1 0 0 0
0 0 0 0 0 1 -1 0 1 1
1 0 0 0 0 0 0 -2 0 0
0 0 0 0 0 0 1 0 -8 -6
1 -3 1 0 -1 0 1 0 -6 1

# 319
8 1 1 8 0 10 -8 1 U
-1 1 0 0 0 0 0 0 1 1
1 -2 1 0 0 0 0 0 0 0
0 1 -2 1 0 0 0 0 0 0
0 0 1 -2 1 0 0 0 0 0
0 0 0 1 -2 1 0 0 0 0
0 0 0 0 1 -2 1 0 0 0
0 0 0 0 0 1 -2 1 0 0
0 0 0 0 0 0 1 -1 0 1
1 0 0 0 0 0 0 0 -8 -6
1 0 0 0 0 0 0 1 -6 1

# 320
8 1 1 8 0 10 -8 1 U
-4 0 1 0 0 0 0 1 0 -2
0 -2 1 0 0 0 0 0 0 0
1 1 -1 0 0 0 0 0 0 1
0 0 0 -1 1 0 0 0 1 1
0 0 0 1 -2 1 0 0 0 0
0 0 0 0 1 -2 1 0 0 0
0 0 0 0 0 1 -3 1 0 -1
1 0 0 0 0 0 1 -1 0 1
0 0 0 1 0 0 0 0 -8 -6
-2 0 1 1 0 0 -1 1 -6 1

# 321
8 1 1 8 0 10 -8 1 U
-1 1 0 0 0 0 0 0 0 1
1 -5 1 0 0 0 0 1 0 -3
0 1 -1 1 0 0 0 0 0 1
0 0 1 -2 1 0 0 0 0 0
0 0 0 1 -3 1 0 0 0 -1
0 0 0 0 1 -2 1 0 0 0
0 0 0 0 0 1 -1 0 1 1
0 1 0 0 0 0 0 -1 0 1
0 0 0 0 0 0 1 0 -8 -6
1 -3 1 0 -1 0 1 1 -6 1

# 322
8 1 1 8 0 10 -8 1 U
-2 1 0 0 0 0 0 1 0 0
1 -3 1 0 0 0 0 0 0 -1
0 1 -1 1 0 0 0 0 0 1
0 0 1 -3 1 0 0 0 0 -1
0 0 0 1 -2 1 0 0 0 0
0 0 0 0 1 -2 1 0 0 0
0 0 0 0 0 1 -1 0 1 1
1 0 0 0 0 0 0 -1 0 1
0 0 0 0 0 0 1 0 -8 -6
0 -1 1 -1 0 0 1 1 -6 1

# 323
8 4 1 8 0 10 -8 2 N
-1 1 0 0 0 0 0 0 1 1
1 -2 1 0 0 0 0 0 0 0
0 1 -2 1 0 0 0 0 0 0
0 0 1 -2 1 0 0 0 0 0
0 0 0 1 -2 1 0 0 0 0
0 0 0 0 1 -2 1 0 0 0
0 0 0 0 0 1 -2 1 0 0
0 0 0 0 0 0 1 -1 1 1
1 0 0 0 0 0 0 1 -8 -6
1 0 0 0 0 0 0 1 -6 1

# 324
8 4 1 8 0 10 -8 2 N
-2 1 0 0 0 0 0 1 0 0
1 -3 1 0 0 0 0 0 0 -1
0 1 -1 1 0 0 0 0 0 1
0 0 1 -3 1 0 0 0 0 -1
0 0 0 1 -2 1 0 0 0 0
0 0 0 0 1 -2 1 0 0 0
0 0 0 0 0 1 -1 0 1 1
1 0 0 0 0 0 0 -1 1 1
0 0 0 0 0 0 1 1 -8 -6
0 -1 1 -1 0 0 1 1 -6 1

# 325
8 4 1 8 0 10 -8 1 N
-2 1 0 0 0 0 1 1 0 0
1 -2 1 0 0 0 0 0 0 0
0 1 -2 1 0 0 0 0 0 0
0 0 1 -2 1 0 0 0 0 0
0 0 0 1 -2 1 0 0 0 0
0 0 0 0 1 -1 0 0 1 1
1 0 0 0 0 0 -2 0 0 0
1 0 0 0 0 0 0 -2 0 0
0 0 0 0 0 1 0 0 -8 -6
0 0 0 0 0 1 0 0 -6 1

# 326
8 4 1 8 0 10 -8 1 N
-2 1 0 0 0 0 0 0 0 0
1 -3 1 0 0 0 0 1 0 -1
0 1 -1 1 0 0 0 0 0 1
0 0 1 -3 1 0 0 0 0 -1
0 0 0 1 -2 1 0 0 0 0
0 0 0 0 1 -2 1 0 0 0
0 0 0 0 0 1 -1 0 1 1
0 1 0 0 0 0 0 -2 0 0
0 0 0 0 0 0 1 0 -8 -6
0 -1 1 -1 0 0 1 0 -6 1

# 327
8 1 1 8 0 10 -12 1 U
-2 1 0 0 0 0 0 1 0 0
1 -3 1 0 0 0 0 0 0 -1
0 1 -1 1 0 0 0 0 0 1
0 0 1 -3 1 0 0 0 0 -1
0 0 0 1 -2 1 0 0 0 0
0 0 0 0 1 -2 1 0 0 0
0 0 0 0 0 1 -1 0 1 1
1 0 0 0 0 0 0 -1 0 1
0 0 0 0 0 0 1 0 -12 -10
0 -1 1 -1 0 0 1 1 -10 1

# 328
8 1 1 8 0 10 -12 1 U
-4 1 1 0 0 0 0 1 0 -2
1 -1 0 0 0 0 0 0 0 1
1 0 -1 0 0 0 0 0 0 1
0 0 0 -1 1 0 0 0 1 1
0 0 0 1 -2 1 0 0 0 0
0 0 0 0 1 -2 1 0 0 0
0 0 0 0 0 1 -3 1 0 -1
1 0 0 0 0 0 1 -1 0 1
0 0 0 1 0 0 0 0 -12 -10
-2 1 1 1 0 0 -1 1 -10 1

# 329
8 1 1 8 0 10 -12 1 U
-4 0 1 0 0 0 0 1 0 -2
0 -2 1 0 0 0 0 0 0 0
1 1 -1 0 0 0 0 0 0 1
0 0 0 -1 1 0 0 0 1 1
0 0 0 1 -2 1 0 0 0 0
0 0 0 0 1 -2 1 0 0 0
0 0 0 0 0 1 -3 1 0 -1
1 0 0 0 0 0 1 -1 0 1
0 0 0 1 0 0 0 0 -12 -10
-2 0 1 1 0 0 -1 1 -10 1

# 330
8 1 1 8 0 10 -12 1 U
-1 1 0 0 0 0 0 0 1 1
1 -2 1 0 0 0 0 0 0 0
0 1 -2 1 0 0 0 0 0 0
0 0 1 -2 1 0 0 0 0 0
0 0 0 1 -2 1 0 0 0 0
0 0 0 0 1 -2 1 0 0 0
0 0 0 0 0 1 -2 1 0 0
0 0 0 0 0 0 1 -1 0 1
1 0 0 0 0 0 0 0 -12 -10
1 0 0 0 0 0 0 1 -10 1

# 331
8 4 1 8 0 10 -12 1 N
-2 1 0 0 0 0 0 0 0 0
1 -3 1 0 0 0 0 1 0 -1
0 1 -1 1 0 0 0 0 0 1
0 0 1 -3 1 0 0 0 0 -1
0 0 0 1 -2 1 0 0 0 0
0 0 0 0 1 -2 1 0 0 0
0 0 0 0 0 1 -1 0 1 1
0 1 0 0 0 0 0 -2 0 0
0 0 0 0 0 0 1 0 -12 -10
0 -1 1 -1 0 0 1 0 -10 1

# 332
8 4 1 8 0 10 -12 2 N
-1 1 0 0 0 0 0 0 1 1
1 -2 1 0 0 0 0 0 0 0
0 1 -2 1 0 0 0 0 0 0
0 0 1 -2 1 0 0 0 0 0
0 0 0 1 -2 1 0 0 0 0
0 0 0 0 1 -2 1 0 0 0
0 0 0 0 0 1 -2 1 0 0
0 0 0 0 0 0 1 -1 1 1
1 0 0 0 0 0 0 1 -12 -10
1 0 0 0 0 0 0 1 -10 1

# 333
8 4 1 8 0 10 -12 1 N
-2 1 0 0 0 0 1 1 0 0
1 -2 1 0 0 0 0 0 0 0
0 1 -2 1 0 0 0 0 0 0
0 0 1 -2 1 0 0 0 0 0
0 0 0 1 -2 1 0 0 0 0
0 0 0 0 1 -1 0 0 1 1
1 0 0 0 0 0 -2 0 0 0
1 0 0 0 0 0 0 -2 0 0
0 0 0 0 0 1 0 0 -12 -10
0 0 0 0 0 1 0 0 -10 1

# 334
9 -9 1 9 0 11 -5 2 N
-1 1 0 0 0 0 0 0 0 1 1
1 -3 1 0 0 0 0 0 1 0 -1
0 1 -1 1 0 0 0 0 0 0 1
0 0 1 -5 1 0 0 0 0 0 -3
0 0 0 1 -1 1 0 0 0 0 1
0 0 0 0 1 -3 1 0 0 0 -1
0 0 0 0 0 1 -2 1 0 0 0
0 0 0 0 0 0 1 -1 0 1 1
0 1 0 0 0 0 0 0 -2 0 0
1 0 0 0 0 0 0 1 0 -5 -3
1 -1 1 -3 1 -1 0 1 0 -3 0

# 335
9 -4 1 9 0 11 -5 1 N
-3 1 0 0 0 0 0 0 0 0 -1
1 -1 0 1 0 0 0 0 0 0 1
0 0 -1 1 0 0 0 0 1 0 1
0 1 1 -5 1 0 0 0 0 0 -3
0 0 0 1 -1 1 0 0 0 0 1
0 0 0 0 1 -3 1 0 0 0 -1
0 0 0 0 0 1 -2 1 0 0 0
0 0 0 0 0 0 1 -1 0 1 1
0 0 1 0 0 0 0 0 -3 0 -1
0 0 0 0 0 0 0 1 0 -5 -3
-1 1 1 -3 1 -1 0 1 -1 -3 0

# 336
9 -4 1 9 0 11 -5 1 N
-1 1 0 0 0 0 0 0 0 1 1
1 -3 1 0 0 0 0 0 1 0 -1
0 1 -1 1 0 0 0 0 0 0 1
0 0 1 -5 1 0 0 0 0 0 -3
0 0 0 1 -1 1 0 0 0 0 1
0 0 0 0 1 -3 1 0 0 0 -1
0 0 0 0 0 1 -2 1 0 0 0
0 0 0 0 0 0 1 -1 0 0 1
0 1 0 0 0 0 0 0 -2 0 0
1 0 0 0 0 0 0 0 0 -5 -3
1 -1 1 -3 1 -1 0 1 0 -3 0

# 337
9 -4 1 9 0 11 -5 2 N
-4 0 0 1 0 0 0 0 1 0 -2
0 -1 1 0 0 0 0 0 0 1 1
0 1 -3 1 0 0 0 0 0 0 -1
1 0 1 -1 0 0 0 0 0 0 1
0 0 0 0 -1 1 0 0 0 1 1
0 0 0 0 1 -2 1 0 0 0 0
0 0 0 0 0 1 -2 1 0 0 0
0 0 0 0 0 0 1 -3 1 0 -1
1 0 0 0 0 0 0 1 -1 0 1
0 1 0 0 1 0 0 0 0 -5 -3
-2 1 -1 1 1 0 0 -1 1 -3 0

# 338
9 -4 1 9 0 11 -5 2 N
-6 0 0 1 0 0 0 0 1 0 -4
0 -1 1 0 0 0 0 0 0 1 1
0 1 -3 1 0 0 0 0 0 0 -1
1 0 1 -1 0 0 0 0 0 0 1
0 0 0 0 -1 1 0 0 0 1 1
0 0 0 0 1 -3 1 0 0 0 -1
0 0 0 0 0 1 -2 1 0 0 0
0 0 0 0 0 0 1 -2 1 0 0
1 0 0 0 0 0 0 1 -1 0 1
0 1 0 0 1 0 0 0 0 -5 -3
-4 1 -1 1 1 -1 0 0 1 -3 0

# 339
9 -4 1 9 0 11 -5 2 N
-1 1 0 0 0 0 0 0 0 1 1
1 -3 1 0 0 0 0 0 0 0 -1
0 1 -1 1 0 0 0 0 0 0 1
0 0 1 -5 1 0 0 0 1 0 -3
0 0 0 1 -1 1 0 0 0 0 1
0 0 0 0 1 -3 1 0 0 0 -1
0 0 0 0 0 1 -2 1 0 0 0
0 0 0 0 0 0 1 -1 0 1 1
0 0 0 1 0 0 0 0 -1 0 1
1 0 0 0 0 0 0 1 0 -5 -3
1 -1 1 -3 1 -1 0 1 1 -3 0

# 340
9 -4 1 9 0 11 -5 2 N
-2 1 0 0 0 0 0 0 1 0 0
1 -2 1 0 0 0 0 0 0 0 0
0 1 -3 1 0 0 0 0 0 0 -1
0 0 1 -1 1 0 0 0 0 0 1
0 0 0 1 -3 1 0 0 0 0 -1
0 0 0 0 1 -2 1 0 0 0 0
0 0 0 0 0 1 -2 1 0 0 0
0 0 0 0 0 0 1 -1 0 1 1
1 0 0 0 0 0 0 0 -1 1 1
0 0 0 0 0 0 0 1 1 -5 -3
0 0 -1 1 -1 0 0 1 1 -3 0

# 341
9 -4 1 9 0 11 -5 2 N
-3 1 0 0 0 0 0 0 1 0 -1
1 -1 1 0 0 0 0 0 0 0 1
0 1 -5 1 0 0 0 0 0 0 -3
0 0 1 -1 1 0 0 0 0 0 1
0 0 0 1 -2 1 0 0 0 0 0
0 0 0 0 1 -3 1 0 0 0 -1
0 0 0 0 0 1 -2 1 0 0 0
0 0 0 0 0 0 1 -1 0 1 1
1 0 0 0 0 0 0 0 -1 1 1
0 0 0 0 0 0 0 1 1 -5 -3
-1 1 -3 1 0 -1 0 1 1 -3 0

# 342
9 -4 1 9 0 11 -5 2 N
-6 1 0 0 1 0 0 0 1 0 -4
1 -1 0 0 0 0 0 0 0 0 1
0 0 -1 1 0 0 0 0 0 1 1
0 0 1 -3 1 0 0 0 0 0 -1
1 0 0 1 -1 0 0 0 0 0 1
0 0 0 0 0 -1 1 0 0 1 1
0 0 0 0 0 1 -3 1 0 0 -1
0 0 0 0 0 0 1 -2 1 0 0
1 0 0 0 0 0 0 1 -1 0 1
0 0 1 0 0 1 0 0 0 -5 -3
-4 1 1 -1 1 1 -1 0 1 -3 0

# 343
9 -4 1 9 0 11 -5 1 N
-6 0 0 1 0 1 0 1 1 0 -4
0 -1 1 0 0 0 0 0 0 1 1
0 1 -3 1 0 0 0 0 0 0 -1
1 0 1 -1 0 0 0 0 0 0 1
0 0 0 0 -3 1 0 0 0 0 -1
1 0 0 0 1 -1 0 0 0 0 1
0 0 0 0 0 0 -3 1 0 0 -1
1 0 0 0 0 0 1 -1 0 0 1
1 0 0 0 0 0 0 0 -1 0 1
0 1 0 0 0 0 0 0 0 -5 -3
-4 1 -1 1 -1 1 -1 1 1 -3 0

# 344
9 -4 1 9 0 11 -5 2 N
-6 0 0 0 1 0 0 0 1 0 -4
0 -1 1 0 0 0 0 0 0 1 1
0 1 -3 1 0 0 0 0 0 0 -1
0 0 1 -2 1 0 0 0 0 0 0
1 0 0 1 -1 0 0 0 0 0 1
0 0 0 0 0 -1 1 0 0 1 1
0 0 0 0 0 1 -3 1 0 0 -1
0 0 0 0 0 0 1 -2 1 0 0
1 0 0 0 0 0 0 1 -1 0 1
0 1 0 0 0 1 0 0 0 -5 -3
-4 1 -1 0 1 1 -1 0 1 -3 0

# 345
9 -4 1 9 0 11 -5 2 N
-6 1 0 0 1 0 0 1 1 0 -4
1 -1 0 0 0 0 0 0 0 0 1
0 0 -1 1 0 0 0 0 0 1 1
0 0 1 -3 1 0 0 0 0 0 -1
1 0 0 1 -1 0 0 0 0 0 1
0 0 0 0 0 -1 1 0 0 1 1
0 0 0 0 0 1 -3 1 0 0 -1
1 0 0 0 0 0 1 -1 0 0 1
1 0 0 0 0 0 0 0 -1 0 1
0 0 1 0 0 1 0 0 0 -5 -3
-4 1 1 -1 1 1 -1 1 1 -3 0

# 346
9 -4 1 9 0 11 -5 2 N
-1 1 0 0 0 0 0 0 0 1 1
1 -2 1 0 0 0 0 0 0 0 0
0 1 -2 1 0 0 0 0 0 0 0
0 0 1 -2 1 0 0 0 0 0 0
0 0 0 1 -2 1 0 0 0 0 0
0 0 0 0 1 -2 1 0 0 0 0
0 0 0 0 0 1 -2 1 0 0 0
0 0 0 0 0 0 1 -2 1 0 0
0 0 0 0 0 0 0 1 -1 1 1
1 0 0 0 0 0 0 0 1 -5 -3
1 0 0 0 0 0 0 0 1 -3 0

# 347
9 -4 1 9 0 11 -5 2 N
-3 1 0 0 0 0 0 0 1 0 -1
1 -2 1 0 0 0 0 0 0 0 0
0 1 -1 1 0 0 0 0 0 0 1
0 0 1 -5 1 0 0 0 0 0 -3
0 0 0 1 -1 1 0 0 0 0 1
0 0 0 0 1 -3 1 0 0 0 -1
0 0 0 0 0 1 -2 1 0 0 0
0 0 0 0 0 0 1 -1 0 1 1
1 0 0 0 0 0 0 0 -1 1 1
0 0 0 0 0 0 0 1 1 -5 -3
-1 0 1 -3 1 -1 0 1 1 -3 0

# 348
9 -4 1 9 0 11 -5 2 N
-4 1 0 0 0 1 0 0 0 0 -2
1 -1 1 0 0 0 0 0 0 0 1
0 1 -4 0 0 0 0 0 1 0 -2
0 0 0 -1 1 0 0 0 0 1 1
0 0 0 1 -3 1 0 0 0 0 -1
1 0 0 0 1 -1 0 0 0 0 1
0 0 0 0 0 0 -1 1 0 1 1
0 0 0 0 0 0 1 -3 1 0 -1
0 0 1 0 0 0 0 1 -1 0 1
0 0 0 1 0 0 1 0 0 -5 -3
-2 1 -2 1 -1 1 1 -1 1 -3 0

# 349
9 -4 1 9 0 11 -5 1 N
-4 0 0 0 1 0 0 0 1 0 -2
0 -1 1 0 0 0 0 0 0 1 1
0 1 -2 1 0 0 0 0 0 0 0
0 0 1 -3 1 0 0 0 0 0 -1
1 0 0 1 -1 0 0 0 0 0 1
0 0 0 0 0 -2 0 1 0 0 0
0 0 0 0 0 0 -2 1 0 0 0
0 0 0 0 0 1 1 -3 1 0 -1
1 0 0 0 0 0 0 1 -1 0 1
0 1 0 0 0 0 0 0 0 -5 -3
-2 1 0 -1 1 0 0 -1 1 -3 0

# 350
9 -4 1 9 0 11 -5 1 N
-6 0 0 0 1 0 1 0 1 0 -4
0 -1 1 0 0 0 0 0 0 1 1
0 1 -3 1 0 0 0 0 0 0 -1
0 0 1 -2 1 0 0 0 0 0 0
1 0 0 1 -1 0 0 0 0 0 1
0 0 0 0 0 -3 1 0 0 0 -1
1 0 0 0 0 1 -1 0 0 0 1
0 0 0 0 0 0 0 -3 1 0 -1
1 0 0 0 0 0 0 1 -1 0 1
0 1 0 0 0 0 0 0 0 -5 -3
-4 1 -1 0 1 -1 1 -1 1 -3 0

# 351
9 -4 1 9 0 11 -5 1 N
-2 1 0 0 0 0 0 1 1 0 0
1 -2 1 0 0 0 0 0 0 0 0
0 1 -2 1 0 0 0 0 0 0 0
0 0 1 -2 1 0 0 0 0 0 0
0 0 0 1 -2 1 0 0 0 0 0
0 0 0 0 1 -2 1 0 0 0 0
0 0 0 0 0 1 -1 0 0 1 1
1 0 0 0 0 0 0 -2 0 0 0
1 0 0 0 0 0 0 0 -2 0 0
0 0 0 0 0 0 1 0 0 -5 -3
0 0 0 0 0 0 1 0 0 -3 0

# 352
9 -4 1 9 0 11 -5 1 N
-6 0 0 1 0 0 1 0 1 0 -4
0 -1 1 0 0 0 0 0 0 1 1
0 1 -3 1 0 0 0 0 0 0 -1
1 0 1 -1 0 0 0 0 0 0 1
0 0 0 0 -3 1 0 0 0 0 -1
0 0 0 0 1 -2 1 0 0 0 0
1 0 0 0 0 1 -1 0 0 0 1
0 0 0 0 0 0 0 -3 1 0 -1
1 0 0 0 0 0 0 1 -1 0 1
0 1 0 0 0 0 0 0 0 -5 -3
-4 1 -1 1 -1 0 1 -1 1 -3 0

# 353
9 -4 1 9 0 11 -5 2 N
-6 0 1 0 0 1 0 0 1 0 -4
0 -2 1 0 0 0 0 0 0 0 0
1 1 -1 0 0 0 0 0 0 0 1
0 0 0 -1 1 0 0 0 0 1 1
0 0 0 1 -3 1 0 0 0 0 -1
1 0 0 0 1 -1 0 0 0 0 1
0 0 0 0 0 0 -1 1 0 1 1
0 0 0 0 0 0 1 -3 1 0 -1
1 0 0 0 0 0 0 1 -1 0 1
0 0 0 1 0 0 1 0 0 -5 -3
-4 0 1 1 -1 1 1 -1 1 -3 0

# 354
9 -4 1 9 0 11 -5 2 N
-4 0 0 0 1 0 0 0 1 0 -2
0 -1 1 0 0 0 0 0 0 1 1
0 1 -2 1 0 0 0 0 0 0 0
0 0 1 -3 1 0 0 0 0 0 -1
1 0 0 1 -1 0 0 0 0 0 1
0 0 0 0 0 -1 1 0 0 1 1
0 0 0 0 0 1 -2 1 0 0 0
0 0 0 0 0 0 1 -3 1 0 -1
1 0 0 0 0 0 0 1 -1 0 1
0 1 0 0 0 1 0 0 0 -5 -3
-2 1 0 -1 1 1 0 -1 1 -3 0

# 355
9 -1 1 9 0 11 -5 1 U
-4 0 0 0 1 0 0 0 1 0 -2
0 -1 1 0 0 0 0 0 0 1 1
0 1 -2 1 0 0 0 0 0 0 0
0 0 1 -3 1 0 0 0 0 0 -1
1 0 0 1 -1 0 0 0 0 0 1
0 0 0 0 0 -1 1 0 0 0 1
0 0 0 0 0 1 -2 1 0 0 0
0 0 0 0 0 0 1 -3 1 0 -1
1 0 0 0 0 0 0 1 -1 0 1
0 1 0 0 0 0 0 0 0 -5 -3
-2 1 0 -1 1 1 0 -1 1 -3 0

# 356
9 -1 1 9 0 11 -5 1 U
-3 1 0 0 0 0 0 0 1 0 -1
1 -2 1 0 0 0 0 0 0 0 0
0 1 -1 1 0 0 0 0 0 0 1
0 0 1 -5 1 0 0 0 0 0 -3
0 0 0 1 -1 1 0 0 0 0 1
0 0 0 0 1 -3 1 0 0 0 -1
0 0 0 0 0 1 -2 1 0 0 0
0 0 0 0 0 0 1 -1 0 0 1
1 0 0 0 0 0 0 0 -1 1 1
0 0 0 0 0 0 0 0 1 -5 -3
-1 0 1 -3 1 -1 0 1 1 -3 0

# 357
9 -1 1 9 0 11 -5 1 U
-1 1 0 0 0 0 0 0 0 1 1
1 -3 1 0 0 0 0 0 0 0 -1
0 1 -1 1 0 0 0 0 0 0 1
0 0 1 -5 1 0 0 0 1 0 -3
0 0 0 1 -1 1 0 0 0 0 1
0 0 0 0 1 -3 1 0 0 0 -1
0 0 0 0 0 1 -2 1 0 0 0
0 0 0 0 0 0 1 -1 0 0 1
0 0 0 1 0 0 0 0 -1 0 1
1 0 0 0 0 0 0 0 0 -5 -3
1 -1 1 -3 1 -1 0 1 1 -3 0

# 358
9 -1 1 9 0 11 -5 1 U
-7 1 1 0 0 0 1 0 1 0 -5
1 -1 0 0 0 0 0 0 0 0 1
1 0 -1 0 0 0 0 0 0 0 1
0 0 0 -1 1 0 0 0 0 1 1
0 0 0 1 -3 1 0 0 0 0 -1
0 0 0 0 1 -2 1 0 0 0 0
1 0 0 0 0 1 -1 0 0 0 1
0 0 0 0 0 0 0 -2 1 0 0
1 0 0 0 0 0 0 1 -1 0 1
0 0 0 1 0 0 0 0 0 -5 -3
-5 1 1 1 -1 0 1 0 1 -3 0

# 359
9 -1 1 9 0 11 -5 1 U
-4 0 0 1 0 0 0 0 1 0 -2
0 -1 1 0 0 0 0 0 0 1 1
0 1 -3 1 0 0 0 0 0 0 -1
1 0 1 -1 0 0 0 0 0 0 1
0 0 0 0 -1 1 0 0 0 0 1
0 0 0 0 1 -2 1 0 0 0 0
0 0 0 0 0 1 -2 1 0 0 0
0 0 0 0 0 0 1 -3 1 0 -1
1 0 0 0 0 0 0 1 -1 0 1
0 1 0 0 0 0 0 0 0 -5 -3
-2 1 -1 1 1 0 0 -1 1 -3 0

# 360
9 -1 1 9 0 11 -5 1 U
-7 0 0 0 1 0 0 0 1 0 -5
0 -2 1 0 0 0 0 0 0 0 0
0 1 -2 1 0 0 0 0 0 0 0
0 0 1 -2 1 0 0 0 0 0 0
1 0 0 1 -1 0 0 0 0 0 1
0 0 0 0 0 -1 1 0 0 1 1
0 0 0 0 0 1 -3 1 0 0 -1
0 0 0 0 0 0 1 -2 1 0 0
1 0 0 0 0 0 0 1 -1 0 1
0 0 0 0 0 1 0 0 0 -5 -3
-5 0 0 0 1 1 -1 0 1 -3 0

# 361
9 -1 1 9 0 11 -5 1 U
-7 1 1 0 0 0 0 1 1 0 -5
1 -1 0 0 0 0 0 0 0 0 1
1 0 -1 0 0 0 0 0 0 0 1
0 0 0 -1 1 0 0 0 0 1 1
0 0 0 1 -3 1 0 0 0 0 -1
0 0 0 0 1 -2 1 0 0 0 0
0 0 0 0 0 1 -2 1 0 0 0
1 0 0 0 0 0 1 -1 0 0 1
1 0 0 0 0 0 0 0 -1 0 1
0 0 0 1 0 0 0 0 0 -5 -3
-5 1 1 1 -1 0 0 1 1 -3 0

# 362
9 -1 1 9 0 11 -5 1 U
-3 1 0 0 0 0 0 0 1 0 -1
1 -2 1 0 0 0 0 0 0 0 0
0 1 -1 1 0 0 0 0 0 0 1
0 0 1 -5 1 0 0 0 0 0 -3
0 0 0 1 -1 1 0 0 0 0 1
0 0 0 0 1 -3 1 0 0 0 -1
0 0 0 0 0 1 -2 1 0 0 0
0 0 0 0 0 0 1 -1 0 1 1
1 0 0 0 0 0 0 0 -1 0 1
0 0 0 0 0 0 0 1 0 -5 -3
-1 0 1 -3 1 -1 0 1 1 -3 0

# 363
9 -1 1 9 0 11 -5 1 U
-7 0 0 1 0 0 0 0 1 0 -5
0 -2 1 0 0 0 0 0 0 0 0
0 1 -2 1 0 0 0 0 0 0 0
1 0 1 -1 0 0 0 0 0 0 1
0 0 0 0 -1 1 0 0 0 1 1
0 0 0 0 1 -3 1 0 0 0 -1
0 0 0 0 0 1 -2 1 0 0 0
0 0 0 0 0 0 1 -2 1 0 0
1 0 0 0 0 0 0 1 -1 0 1
0 0 0 0 1 0 0 0 0 -5 -3
-5 0 0 1 1 -1 0 0 1 -3 0

# 364
9 -1 1 9 0 11 -5 1 U
-3 1 0 0 0 0 0 0 1 0 -1
1 -1 1 0 0 0 0 0 0 0 1
0 1 -5 1 0 0 0 0 0 0 -3
0 0 1 -1 1 0 0 0 0 0 1
0 0 0 1 -2 1 0 0 0 0 0
0 0 0 0 1 -3 1 0 0 0 -1
0 0 0 0 0 1 -2 1 0 0 0
0 0 0 0 0 0 1 -1 0 0 1
1 0 0 0 0 0 0 0 -1 1 1
0 0 0 0 0 0 0 0 1 -5 -3
-1 1 -3 1 0 -1 0 1 1 -3 0

# 365
9 -1 1 9 0 11 -5 1 U
-1 1 0 0 0 0 0 0 0 0 1
1 -3 1 0 0 0 0 0 0 0 -1
0 1 -1 1 0 0 0 0 0 0 1
0 0 1 -5 1 0 0 0 1 0 -3
0 0 0 1 -1 1 0 0 0 0 1
0 0 0 0 1 -3 1 0 0 0 -1
0 0 0 0 0 1 -2 1 0 0 0
0 0 0 0 0 0 1 -1 0 1 1
0 0 0 1 0 0 0 0 -1 0 1
0 0 0 0 0 0 0 1 0 -5 -3
1 -1 1 -3 1 -1 0 1 1 -3 0

# 366
9 -1 1 9 0 11 -5 1 U
-6 1 0 1 0 0 0 0 1 0 -4
1 -1 0 0 0 0 0 0 0 0 1
0 0 -2 1 0 0 0 0 0 0 0
1 0 1 -1 0 0 0 0 0 0 1
0 0 0 0 -1 1 0 0 0 1 1
0 0 0 0 1 -2 1 0 0 0 0
0 0 0 0 0 1 -3 1 0 0 -1
0 0 0 0 0 0 1 -2 1 0 0
1 0 0 0 0 0 0 1 -1 0 1
0 0 0 0 1 0 0 0 0 -5 -3
-4 1 0 1 1 0 -1 0 1 -3 0

# 367
9 -1 1 9 0 11 -5 1 U
-7 1 0 0 1 0 0 0 1 0 -5
1 -1 0 0 0 0 0 0 0 0 1
0 0 -2 1 0 0 0 0 0 0 0
0 0 1 -2 1 0 0 0 0 0 0
1 0 0 1 -1 0 0 0 0 0 1
0 0 0 0 0 -1 1 0 0 1 1
0 0 0 0 0 1 -3 1 0 0 -1
0 0 0 0 0 0 1 -2 1 0 0
1 0 0 0 0 0 0 1 -1 0 1
0 0 0 0 0 1 0 0 0 -5 -3
-5 1 0 0 1 1 -1 0 1 -3 0

# 368
9 -1 1 9 0 11 -5 1 U
-7 1 0 1 0 0 0 0 1 0 -5
1 -1 0 0 0 0 0 0 0 0 1
0 0 -2 1 0 0 0 0 0 0 0
1 0 1 -1 0 0 0 0 0 0 1
0 0 0 0 -1 1 0 0 0 1 1
0 0 0 0 1 -3 1 0 0 0 -1
0 0 0 0 0 1 -2 1 0 0 0
0 0 0 0 0 0 1 -2 1 0 0
1 0 0 0 0 0 0 1 -1 0 1
0 0 0 0 1 0 0 0 0 -5 -3
-5 1 0 1 1 -1 0 0 1 -3 0

# 369
9 -1 1 9 0 11 -5 1 U
-6 1 0 0 1 0 0 0 1 0 -4
1 -1 0 0 0 0 0 0 0 0 1
0 0 -1 1 0 0 0 0 0 1 1
0 0 1 -3 1 0 0 0 0 0 -1
1 0 0 1 -1 0 0 0 0 0 1
0 0 0 0 0 -3 1 0 0 0 -1
0 0 0 0 0 1 -1 1 0 0 1
0 0 0 0 0 0 1 -3 1 0 -1
1 0 0 0 0 0 0 1 -1 0 1
0 0 1 0 0 0 0 0 0 -5 -3
-4 1 1 -1 1 -1 1 -1 1 -3 0

# 370
9 -1 1 9 0 11 -5 1 U
-2 1 0 0 0 0 0 0 1 0 0
1 -2 1 0 0 0 0 0 0 0 0
0 1 -3 1 0 0 0 0 0 0 -1
0 0 1 -1 1 0 0 0 0 0 1
0 0 0 1 -3 1 0 0 0 0 -1
0 0 0 0 1 -2 1 0 0 0 0
0 0 0 0 0 1 -2 1 0 0 0
0 0 0 0 0 0 1 -1 0 1 1
1 0 0 0 0 0 0 0 -1 0 1
0 0 0 0 0 0 0 1 0 -5 -3
0 0 -1 1 -1 0 0 1 1 -3 0

# 371
9 -1 1 9 0 11 -5 1 U
-6 0 0 1 0 0 0 0 1 0 -4
0 -1 1 0 0 0 0 0 0 1 1
0 1 -3 1 0 0 0 0 0 0 -1
1 0 1 -1 0 0 0 0 0 0 1
0 0 0 0 -1 1 0 0 0 0 1
0 0 0 0 1 -3 1 0 0 0 -1
0 0 0 0 0 1 -2 1 0 0 0
0 0 0 0 0 0 1 -2 1 0 0
1 0 0 0 0 0 0 1 -1 0 1
0 1 0 0 0 0 0 0 0 -5 -3
-4 1 -1 1 1 -1 0 0 1 -3 0

# 372
9 -1 1 9 0 11 -5 1 U
-7 0 1 0 1 0 0 0 1 0 -5
0 -2 1 0 0 0 0 0 0 0 0
1 1 -1 0 0 0 0 0 0 0 1
0 0 0 -2 1 0 0 0 0 0 0
1 0 0 1 -1 0 0 0 0 0 1
0 0 0 0 0 -1 1 0 0 1 1
0 0 0 0 0 1 -3 1 0 0 -1
0 0 0 0 0 0 1 -2 1 0 0
1 0 0 0 0 0 0 1 -1 0 1
0 0 0 0 0 1 0 0 0 -5 -3
-5 0 1 0 1 1 -1 0 1 -3 0

# 373
9 -1 1 9 0 11 -5 1 U
-1 1 0 0 0 0 0 0 0 0 1
1 -3 1 0 0 0 0 0 1 0 -1
0 1 -1 1 0 0 0 0 0 0 1
0 0 1 -5 1 0 0 0 0 0 -3
0 0 0 1 -1 1 0 0 0 0 1
0 0 0 0 1 -3 1 0 0 0 -1
0 0 0 0 0 1 -2 1 0 0 0
0 0 0 0 0 0 1 -1 0 1 1
0 1 0 0 0 0 0 0 -2 0 0
0 0 0 0 0 0 0 1 0 -5 -3
1 -1 1 -3 1 -1 0 1 0 -3 0

# 374
9 -1 1 9 0 11 -5 1 U
-6 0 0 1 0 0 0 0 1 0 -4
0 -1 1 0 0 0 0 0 0 0 1
0 1 -3 1 0 0 0 0 0 0 -1
1 0 1 -1 0 0 0 0 0 0 1
0 0 0 0 -1 1 0 0 0 1 1
0 0 0 0 1 -3 1 0 0 0 -1
0 0 0 0 0 1 -2 1 0 0 0
0 0 0 0 0 0 1 -2 1 0 0
1 0 0 0 0 0 0 1 -1 0 1
0 0 0 0 1 0 0 0 0 -5 -3
-4 1 -1 1 1 -1 0 0 1 -3 0

# 375
9 -1 1 9 0 11 -5 1 U
-4 0 0 0 0 0 0 1 0 0 -2
0 -3 1 0 0 0 0 0 1 0 -1
0 1 -1 1 0 0 0 0 0 0 1
0 0 1 -5 1 0 0 0 0 0 -3
0 0 0 1 -1 1 0 0 0 0 1
0 0 0 0 1 -3 1 0 0 0 -1
0 0 0 0 0 1 -2 1 0 0 0
1 0 0 0 0 0 1 -1 0 0 1
0 1 0 0 0 0 0 0 -1 1 1
0 0 0 0 0 0 0 0 1 -5 -3
-2 -1 1 -3 1 -1 0 1 1 -3 0

# 376
9 -1 1 9 0 11 -5 1 U
-1 1 0 0 0 0 0 0 0 1 1
1 -2 1 0 0 0 0 0 0 0 0
0 1 -2 1 0 0 0 0 0 0 0
0 0 1 -2 1 0 0 0 0 0 0
0 0 0 1 -2 1 0 0 0 0 0
0 0 0 0 1 -2 1 0 0 0 0
0 0 0 0 0 1 -2 1 0 0 0
0 0 0 0 0 0 1 -2 1 0 0
0 0 0 0 0 0 0 1 -1 0 1
1 0 0 0 0 0 0 0 0 -5 -3
1 0 0 0 0 0 0 0 1 -3 0

# 377
9 -1 1 9 0 11 -5 1 U
-3 1 0 0 0 0 0 0 1 0 -1
1 -1 1 0 0 0 0 0 0 0 1
0 1 -5 1 0 0 0 0 0 0 -3
0 0 1 -1 1 0 0 0 0 0 1
0 0 0 1 -2 1 0 0 0 0 0
0 0 0 0 1 -3 1 0 0 0 -1
0 0 0 0 0 1 -2 1 0 0 0
0 0 0 0 0 0 1 -1 0 1 1
1 0 0 0 0 0 0 0 -1 0 1
0 0 0 0 0 0 0 1 0 -5 -3
-1 1 -3 1 0 -1 0 1 1 -3 0

# 378
9 -1 1 9 0 11 -5 1 U
-6 0 0 0 1 0 0 0 1 0 -4
0 -1 1 0 0 0 0 0 0 1 1
0 1 -3 1 0 0 0 0 0 0 -1
0 0 1 -2 1 0 0 0 0 0 0
1 0 0 1 -1 0 0 0 0 0 1
0 0 0 0 0 -3 1 0 0 0 -1
0 0 0 0 0 1 -1 1 0 0 1
0 0 0 0 0 0 1 -3 1 0 -1
1 0 0 0 0 0 0 1 -1 0 1
0 1 0 0 0 0 0 0 0 -5 -3
-4 1 -1 0 1 -1 1 -1 1 -3 0

# 379
9 -1 1 9 0 11 -5 1 U
-4 0 0 1 0 0 0 0 1 0 -2
0 -1 1 0 0 0 0 0 0 0 1
0 1 -3 1 0 0 0 0 0 0 -1
1 0 1 -1 0 0 0 0 0 0 1
0 0 0 0 -1 1 0 0 0 1 1
0 0 0 0 1 -2 1 0 0 0 0
0 0 0 0 0 1 -2 1 0 0 0
0 0 0 0 0 0 1 -3 1 0 -1
1 0 0 0 0 0 0 1 -1 0 1
0 0 0 0 1 0 0 0 0 -5 -3
-2 1 -1 1 1 0 0 -1 1 -3 0

# 380
9 -1 1 9 0 11 -5 1 U
-1 1 0 0 0 0 0 0 1 0 1
1 -3 1 0 0 0 0 0 0 0 -1
0 1 -1 1 0 0 0 0 0 0 1
0 0 1 -5 1 0 0 0 0 0 -3
0 0 0 1 -1 1 0 0 0 0 1
0 0 0 0 1 -3 1 0 0 0 -1
0 0 0 0 0 1 -2 1 0 0 0
0 0 0 0 0 0 1 -1 0 1 1
1 0 0 0 0 0 0 0 -3 0 -1
0 0 0 0 0 0 0 1 0 -5 -3
1 -1 1 -3 1 -1 0 1 -1 -3 0

# 381
9 -1 1 9 0 11 -5 1 U
-6 1 0 0 1 0 0 0 1 0 -4
1 -1 0 0 0 0 0 0 0 0 1
0 0 -1 1 0 0 0 0 0 0 1
0 0 1 -3 1 0 0 0 0 0 -1
1 0 0 1 -1 0 0 0 0 0 1
0 0 0 0 0 -1 1 0 0 1 1
0 0 0 0 0 1 -3 1 0 0 -1
0 0 0 0 0 0 1 -2 1 0 0
1 0 0 0 0 0 0 1 -1 0 1
0 0 0 0 0 1 0 0 0 -5 -3
-4 1 1 -1 1 1 -1 0 1 -3 0

# 382
9 -1 1 9 0 11 -5 1 U
-6 0 0 0 1 0 0 0 1 0 -4
0 -1 1 0 0 0 0 0 0 1 1
0 1 -3 1 0 0 0 0 0 0 -1
0 0 1 -2 1 0 0 0 0 0 0
1 0 0 1 -1 0 0 0 0 0 1
0 0 0 0 0 -1 1 0 0 0 1
0 0 0 0 0 1 -3 1 0 0 -1
0 0 0 0 0 0 1 -2 1 0 0
1 0 0 0 0 0 0 1 -1 0 1
0 1 0 0 0 0 0 0 0 -5 -3
-4 1 -1 0 1 1 -1 0 1 -3 0

# 383
9 -1 1 9 0 11 -5 1 U
-6 1 0 0 1 0 0 0 1 0 -4
1 -1 0 0 0 0 0 0 0 0 1
0 0 -1 1 0 0 0 0 0 1 1
0 0 1 -3 1 0 0 0 0 0 -1
1 0 0 1 -1 0 0 0 0 0 1
0 0 0 0 0 -1 1 0 0 0 1
0 0 0 0 0 1 -3 1 0 0 -1
0 0 0 0 0 0 1 -2 1 0 0
1 0 0 0 0 0 0 1 -1 0 1
0 0 1 0 0 0 0 0 0 -5 -3
-4 1 1 -1 1 1 -1 0 1 -3 0

# 384
9 -1 1 9 0 11 -5 1 U
-6 1 0 0 1 0 0 1 1 0 -4
1 -1 0 0 0 0 0 0 0 0 1
0 0 -1 1 0 0 0 0 0 1 1
0 0 1 -3 1 0 0 0 0 0 -1
1 0 0 1 -1 0 0 0 0 0 1
0 0 0 0 0 -1 1 0 0 0 1
0 0 0 0 0 1 -3 1 0 0 -1
1 0 0 0 0 0 1 -1 0 0 1
1 0 0 0 0 0 0 0 -1 0 1
0 0 1 0 0 0 0 0 0 -5 -3
-4 1 1 -1 1 1 -1 1 1 -3 0

# 385
9 -1 1 9 0 11 -5 1 U
-1 0 1 0 0 0 0 0 0 0 1
0 -1 1 0 0 0 0 0 0 0 1
1 1 -5 1 0 0 0 0 1 0 -3
0 0 1 -1 1 0 0 0 0 0 1
0 0 0 1 -3 1 0 0 0 0 -1
0 0 0 0 1 -2 1 0 0 0 0
0 0 0 0 0 1 -2 1 0 0 0
0 0 0 0 0 0 1 -1 0 1 1
0 0 1 0 0 0 0 0 -1 0 1
0 0 0 0 0 0 0 1 0 -5 -3
1 1 -3 1 -1 0 0 1 1 -3 0

# 386
9 -1 1 9 0 11 -5 1 U
-6 0 0 1 0 0 0 0 1 0 -4
0 -1 1 0 0 0 0 0 0 1 1
0 1 -3 1 0 0 0 0 0 0 -1
1 0 1 -1 0 0 0 0 0 0 1
0 0 0 0 -2 0 1 0 0 0 0
0 0 0 0 0 -1 1 0 0 0 1
0 0 0 0 1 1 -3 1 0 0 -1
0 0 0 0 0 0 1 -2 1 0 0
1 0 0 0 0 0 0 1 -1 0 1
0 1 0 0 0 0 0 0 0 -5 -3
-4 1 -1 1 0 1 -1 0 1 -3 0

# 387
9 -1 1 9 0 11 -5 1 U
-6 1 1 0 0 0 0 1 1 0 -4
1 -1 0 0 0 0 0 0 0 0 1
1 0 -1 0 0 0 0 0 0 0 1
0 0 0 -1 1 0 0 0 0 1 1
0 0 0 1 -2 1 0 0 0 0 0
0 0 0 0 1 -3 1 0 0 0 -1
0 0 0 0 0 1 -2 1 0 0 0
1 0 0 0 0 0 1 -1 0 0 1
1 0 0 0 0 0 0 0 -1 0 1
0 0 0 1 0 0 0 0 0 -5 -3
-4 1 1 1 0 -1 0 1 1 -3 0

# 388
9 -1 1 9 0 11 -5 1 U
-6 0 0 1 0 0 0 0 1 0 -4
0 -1 1 0 0 0 0 0 0 1 1
0 1 -3 1 0 0 0 0 0 0 -1
1 0 1 -1 0 0 0 0 0 0 1
0 0 0 0 -2 1 0 0 0 0 0
0 0 0 0 1 -3 1 0 0 0 -1
0 0 0 0 0 1 -1 1 0 0 1
0 0 0 0 0 0 1 -3 1 0 -1
1 0 0 0 0 0 0 1 -1 0 1
0 1 0 0 0 0 0 0 0 -5 -3
-4 1 -1 1 0 -1 1 -1 1 -3 0

# 389
9 -1 1 9 0 11 -5 1 U
-2 1 0 0 0 0 0 0 1 0 0
1 -1 1 0 0 0 0 0 0 0 1
0 1 -5 1 0 0 0 0 0 0 -3
0 0 1 -1 1 0 0 0 0 0 1
0 0 0 1 -3 1 0 0 0 0 -1
0 0 0 0 1 -2 1 0 0 0 0
0 0 0 0 0 1 -2 1 0 0 0
0 0 0 0 0 0 1 -1 0 1 1
1 0 0 0 0 0 0 0 -2 0 0
0 0 0 0 0 0 0 1 0 -5 -3
0 1 -3 1 -1 0 0 1 0 -3 0

# 390
9 -1 1 9 0 11 -5 1 U
-6 0 0 1 0 0 0 0 1 0 -4
0 -2 1 0 0 0 0 0 0 0 0
0 1 -2 1 0 0 0 0 0 0 0
1 0 1 -1 0 0 0 0 0 0 1
0 0 0 0 -1 1 0 0 0 1 1
0 0 0 0 1 -2 1 0 0 0 0
0 0 0 0 0 1 -3 1 0 0 -1
0 0 0 0 0 0 1 -2 1 0 0
1 0 0 0 0 0 0 1 -1 0 1
0 0 0 0 1 0 0 0 0 -5 -3
-4 0 0 1 1 0 -1 0 1 -3 0

# 391
9 -1 1 9 0 11 -5 1 U
-4 1 0 0 0 0 0 0 1 0 -2
1 -1 0 0 0 0 0 0 0 0 1
0 0 -1 1 0 0 0 0 0 1 1
0 0 1 -3 1 0 0 0 0 0 -1
0 0 0 1 -1 1 0 0 0 0 1
0 0 0 0 1 -5 1 0 0 0 -3
0 0 0 0 0 1 -1 1 0 0 1
0 0 0 0 0 0 1 -3 1 0 -1
1 0 0 0 0 0 0 1 -1 0 1
0 0 1 0 0 0 0 0 0 -5 -3
-2 1 1 -1 1 -3 1 -1 1 -3 0

# 392
9 -1 1 9 0 11 -5 1 U
-4 1 0 0 1 0 0 0 0 0 -2
1 -1 1 0 0 0 0 0 0 0 1
0 1 -4 0 0 0 0 0 1 0 -2
0 0 0 -2 1 0 0 0 0 0 0
1 0 0 1 -1 0 0 0 0 0 1
0 0 0 0 0 -1 1 0 0 1 1
0 0 0 0 0 1 -2 1 0 0 0
0 0 0 0 0 0 1 -3 1 0 -1
0 0 1 0 0 0 0 1 -1 0 1
0 0 0 0 0 1 0 0 0 -5 -3
-2 1 -2 0 1 1 0 -1 1 -3 0

# 393
9 -1 1 9 0 11 -5 1 U
-1 0 1 0 0 0 0 0 1 0 1
0 -1 1 0 0 0 0 0 0 0 1
1 1 -5 1 0 0 0 0 0 0 -3
0 0 1 -1 1 0 0 0 0 0 1
0 0 0 1 -3 1 0 0 0 0 -1
0 0 0 0 1 -2 1 0 0 0 0
0 0 0 0 0 1 -2 1 0 0 0
0 0 0 0 0 0 1 -1 0 1 1
1 0 0 0 0 0 0 0 -2 0 0
0 0 0 0 0 0 0 1 0 -5 -3
1 1 -3 1 -1 0 0 1 0 -3 0

# 394
9 -1 1 9 0 11 -5 1 U
-4 1 0 1 1 0 0 0 0 0 -2
1 -1 1 0 0 0 0 0 0 0 1
0 1 -4 0 0 0 0 0 1 0 -2
1 0 0 -1 0 0 0 0 0 0 1
1 0 0 0 -1 0 0 0 0 0 1
0 0 0 0 0 -1 1 0 0 1 1
0 0 0 0 0 1 -2 1 0 0 0
0 0 0 0 0 0 1 -3 1 0 -1
0 0 1 0 0 0 0 1 -1 0 1
0 0 0 0 0 1 0 0 0 -5 -3
-2 1 -2 1 1 1 0 -1 1 -3 0

# 395
9 -1 1 9 0 11 -5 1 U
-4 1 0 0 0 1 0 0 0 0 -2
1 -1 1 0 0 0 0 0 0 0 1
0 1 -4 0 0 0 0 0 1 0 -2
0 0 0 -1 1 0 0 0 0 1 1
0 0 0 1 -3 1 0 0 0 0 -1
1 0 0 0 1 -1 0 0 0 0 1
0 0 0 0 0 0 -1 1 0 0 1
0 0 0 0 0 0 1 -3 1 0 -1
0 0 1 0 0 0 0 1 -1 0 1
0 0 0 1 0 0 0 0 0 -5 -3
-2 1 -2 1 -1 1 1 -1 1 -3 0

# 396
9 -1 1 9 0 11 -5 1 U
-6 0 0 1 0 0 0 0 1 0 -4
0 -1 1 0 0 0 0 0 0 1 1
0 1 -3 1 0 0 0 0 0 0 -1
1 0 1 -1 0 0 0 0 0 0 1
0 0 0 0 -3 1 0 0 0 0 -1
0 0 0 0 1 -1 1 0 0 0 1
0 0 0 0 0 1 -3 1 0 0 -1
0 0 0 0 0 0 1 -2 1 0 0
1 0 0 0 0 0 0 1 -1 0 1
0 1 0 0 0 0 0 0 0 -5 -3
-4 1 -1 1 -1 1 -1 0 1 -3 0

# 397
9 -1 1 9 0 11 -5 1 U
-6 0 1 0 0 1 0 0 1 0 -4
0 -2 1 0 0 0 0 0 0 0 0
1 1 -1 0 0 0 0 0 0 0 1
0 0 0 -1 1 0 0 0 0 1 1
0 0 0 1 -3 1 0 0 0 0 -1
1 0 0 0 1 -1 0 0 0 0 1
0 0 0 0 0 0 -1 1 0 0 1
0 0 0 0 0 0 1 -3 1 0 -1
1 0 0 0 0 0 0 1 -1 0 1
0 0 0 1 0 0 0 0 0 -5 -3
-4 0 1 1 -1 1 1 -1 1 -3 0

# 398
9 -4 1 9 0 11 -6 1 N
-3 1 0 0 0 0 0 0 0 0 -1
1 -1 0 1 0 0 0 0 0 0 1
0 0 -1 1 0 0 0 0 1 0 1
0 1 1 -5 1 0 0 0 0 0 -3
0 0 0 1 -1 1 0 0 0 0 1
0 0 0 0 1 -3 1 0 0 0 -1
0 0 0 0 0 1 -2 1 0 0 0
0 0 0 0 0 0 1 -1 0 1 1
0 0 1 0 0 0 0 0 -3 0 -1
0 0 0 0 0 0 0 1 0 -6 -4
-1 1 1 -3 1 -1 0 1 -1 -4 0

# 399
9 -4 1 9 0 11 -6 2 N
-4 0 0 1 0 0 0 0 1 0 -2
0 -1 1 0 0 0 0 0 0 1 1
0 1 -3 1 0 0 0 0 0 0 -1
1 0 1 -1 0 0 0 0 0 0 1
0 0 0 0 -1 1 0 0 0 1 1
0 0 0 0 1 -2 1 0 0 0 0
0 0 0 0 0 1 -2 1 0 0 0
0 0 0 0 0 0 1 -3 1 0 -1
1 0 0 0 0 0 0 1 -1 0 1
0 1 0 0 1 0 0 0 0 -6 -4
-2 1 -1 1 1 0 0 -1 1 -4 0

# 400
9 -4 1 9 0 11 -6 1 N
-2 1 0 0 0 0 0 1 1 0 0
1 -2 1 0 0 0 0 0 0 0 0
0 1 -2 1 0 0 0 0 0 0 0
0 0 1 -2 1 0 0 0 0 0 0
0 0 0 1 -2 1 0 0 0 0 0
0 0 0 0 1 -2 1 0 0 0 0
0 0 0 0 0 1 -1 0 0 1 1
1 0 0 0 0 0 0 -2 0 0 0
1 0 0 0 0 0 0 0 -2 0 0
0 0 0 0 0 0 1 0 0 -6 -4
0 0 0 0 0 0 1 0 0 -4 0

# 401
9 -4 1 9 0 11 -6 1 N
-6 0 0 1 0 0 1 0 1 0 -4
0 -1 1 0 0 0 0 0 0 1 1
0 1 -3 1 0 0 0 0 0 0 -1
1 0 1 -1 0 0 0 0 0 0 1
0 0 0 0 -3 1 0 0 0 0 -1
0 0 0 0 1 -2 1 0 0 0 0
1 0 0 0 0 1 -1 0 0 0 1
0 0 0 0 0 0 0 -3 1 0 -1
1 0 0 0 0 0 0 1 -1 0 1
0 1 0 0 0 0 0 0 0 -6 -4
-4 1 -1 1 -1 0 1 -1 1 -4 0

# 402
9 -4 1 9 0 11 -6 1 N
-4 0 0 0 1 0 0 0 1 0 -2
0 -1 1 0 0 0 0 0 0 1 1
0 1 -2 1 0 0 0 0 0 0 0
0 0 1 -3 1 0 0 0 0 0 -1
1 0 0 1 -1 0 0 0 0 0 1
0 0 0 0 0 -2 0 1 0 0 0
0 0 0 0 0 0 -2 1 0 0 0
0 0 0 0 0 1 1 -3 1 0 -1
1 0 0 0 0 0 0 1 -1 0 1
0 1 0 0 0 0 0 0 0 -6 -4
-2 1 0 -1 1 0 0 -1 1 -4 0

# 403
9 -4 1 9 0 11 -6 2 N
-6 1 0 0 1 0 0 1 1 0 -4
1 -1 0 0 0 0 0 0 0 0 1
0 0 -1 1 0 0 0 0 0 1 1
0 0 1 -3 1 0 0 0 0 0 -1
1 0 0 1 -1 0 0 0 0 0 1
0 0 0 0 0 -1 1 0 0 1 1
0 0 0 0 0 1 -3 1 0 0 -1
1 0 0 0 0 0 1 -1 0 0 1
1 0 0 0 0 0 0 0 -1 0 1
0 0 1 0 0 1 0 0 0 -6 -4
-4 1 1 -1 1 1 -1 1 1 -4 0

# 404
9 -4 1 9 0 11 -6 1 N
-6 0 0 1 0 1 0 1 1 0 -4
0 -1 1 0 0 0 0 0 0 1 1
0 1 -3 1 0 0 0 0 0 0 -1
1 0 1 -1 0 0 0 0 0 0 1
0 0 0 0 -3 1 0 0 0 0 -1
1 0 0 0 1 -1 0 0 0 0 1
0 0 0 0 0 0 -3 1 0 0 -1
1 0 0 0 0 0 1 -1 0 0 1
1 0 0 0 0 0 0 0 -1 0 1
0 1 0 0 0 0 0 0 0 -6 -4
-4 1 -1 1 -1 1 -1 1 1 -4 0

# 405
9 -4 1 9 0 11 -6 2 N
-1 1 0 0 0 0 0 0 0 1 1
1 -2 1 0 0 0 0 0 0 0 0
0 1 -2 1 0 0 0 0 0 0 0
0 0 1 -2 1 0 0 0 0 0 0
0 0 0 1 -2 1 0 0 0 0 0
0 0 0 0 1 -2 1 0 0 0 0
0 0 0 0 0 1 -2 1 0 0 0
0 0 0 0 0 0 1 -2 1 0 0
0 0 0 0 0 0 0 1 -1 1 1
1 0 0 0 0 0 0 0 1 -6 -4
1 0 0 0 0 0 0 0 1 -4 0

# 406
9 -4 1 9 0 11 -6 2 N
-3 1 0 0 0 0 0 0 1 0 -1
1 -1 1 0 0 0 0 0 0 0 1
0 1 -5 1 0 0 0 0 0 0 -3
0 0 1 -1 1 0 0 0 0 0 1
0 0 0 1 -2 1 0 0 0 0 0
0 0 0 0 1 -3 1 0 0 0 -1
0 0 0 0 0 1 -2 1 0 0 0
0 0 0 0 0 0 1 -1 0 1 1
1 0 0 0 0 0 0 0 -1 1 1
0 0 0 0 0 0 0 1 1 -6 -4
-1 1 -3 1 0 -1 0 1 1 -4 0

# 407
9 -4 1 9 0 11 -6 2 N
-4 0 0 0 1 0 0 0 1 0 -2
0 -1 1 0 0 0 0 0 0 1 1
0 1 -2 1 0 0 0 0 0 0 0
0 0 1 -3 1 0 0 0 0 0 -1
1 0 0 1 -1 0 0 0 0 0 1
0 0 0 0 0 -1 1 0 0 1 1
0 0 0 0 0 1 -2 1 0 0 0
0 0 0 0 0 0 1 -3 1 0 -1
1 0 0 0 0 0 0 1 -1 0 1
0 1 0 0 0 1 0 0 0 -6 -4
-2 1 0 -1 1 1 0 -1 1 -4 0

# 408
9 -4 1 9 0 11 -6 2 N
-6 0 1 0 0 1 0 0 1 0 -4
0 -2 1 0 0 0 0 0 0 0 0
1 1 -1 0 0 0 0 0 0 0 1
0 0 0 -1 1 0 0 0 0 1 1
0 0 0 1 -3 1 0 0 0 0 -1
1 0 0 0 1 -1 0 0 0 0 1
0 0 0 0 0 0 -1 1 0 1 1
0 0 0 0 0 0 1 -3 1 0 -1
1 0 0 0 0 0 0 1 -1 0 1
0 0 0 1 0 0 1 0 0 -6 -4
-4 0 1 1 -1 1 1 -1 1 -4 0

# 409
9 -4 1 9 0 11 -6 2 N
-2 1 0 0 0 0 0 0 1 0 0
1 -2 1 0 0 0 0 0 0 0 0
0 1 -3 1 0 0 0 0 0 0 -1
0 0 1 -1 1 0 0 0 0 0 1
0 0 0 1 -3 1 0 0 0 0 -1
0 0 0 0 1 -2 1 0 0 0 0
0 0 0 0 0 1 -2 1 0 0 0
0 0 0 0 0 0 1 -1 0 1 1
1 0 0 0 0 0 0 0 -1 1 1
0 0 0 0 0 0 0 1 1 -6 -4
0 0 -1 1 -1 0 0 1 1 -4 0

# 410
9 -4 1 9 0 11 -6 2 N
-1 1 0 0 0 0 0 0 0 1 1
1 -3 1 0 0 0 0 0 0 0 -1
0 1 -1 1 0 0 0 0 0 0 1
0 0 1 -5 1 0 0 0 1 0 -3
0 0 0 1 -1 1 0 0 0 0 1
0 0 0 0 1 -3 1 0 0 0 -1
0 0 0 0 0 1 -2 1 0 0 0
0 0 0 0 0 0 1 -1 0 1 1
0 0 0 1 0 0 0 0 -1 0 1
1 0 0 0 0 0 0 1 0 -6 -4
1 -1 1 -3 1 -1 0 1 1 -4 0

# 411
9 -4 1 9 0 11 -6 2 N
-4 1 0 0 0 1 0 0 0 0 -2
1 -1 1 0 0 0 0 0 0 0 1
0 1 -4 0 0 0 0 0 1 0 -2
0 0 0 -1 1 0 0 0 0 1 1
0 0 0 1 -3 1 0 0 0 0 -1
1 0 0 0 1 -1 0 0 0 0 1
0 0 0 0 0 0 -1 1 0 1 1
0 0 0 0 0 0 1 -3 1 0 -1
0 0 1 0 0 0 0 1 -1 0 1
0 0 0 1 0 0 1 0 0 -6 -4
-2 1 -2 1 -1 1 1 -1 1 -4 0

# 412
9 -1 1 9 0 11 -6 1 U
-6 1 0 0 1 0 0 1 1 0 -4
1 -1 0 0 0 0 0 0 0 0 1
0 0 -1 1 0 0 0 0 0 1 1
0 0 1 -3 1 0 0 0 0 0 -1
1 0 0 1 -1 0 0 0 0 0 1
0 0 0 0 0 -1 1 0 0 0 1
0 0 0 0 0 1 -3 1 0 0 -1
1 0 0 0 0 0 1 -1 0 0 1
1 0 0 0 0 0 0 0 -1 0 1
0 0 1 0 0 0 0 0 0 -6 -4
-4 1 1 -1 1 1 -1 1 1 -4 0

# 413
9 -1 1 9 0 11 -6 1 U
-2 1 0 0 0 0 0 0 1 0 0
1 -1 1 0 0 0 0 0 0 0 1
0 1 -5 1 0 0 0 0 0 0 -3
0 0 1 -1 1 0 0 0 0 0 1
0 0 0 1 -3 1 0 0 0 0 -1
0 0 0 0 1 -2 1 0 0 0 0
0 0 0 0 0 1 -2 1 0 0 0
0 0 0 0 0 0 1 -1 0 1 1
1 0 0 0 0 0 0 0 -2 0 0
0 0 0 0 0 0 0 1 0 -6 -4
0 1 -3 1 -1 0 0 1 0 -4 0

# 414
9 -1 1 9 0 11 -6 1 U
-4 0 0 1 0 0 0 0 1 0 -2
0 -1 1 0 0 0 0 0 0 0 1
0 1 -3 1 0 0 0 0 0 0 -1
1 0 1 -1 0 0 0 0 0 0 1
0 0 0 0 -1 1 0 0 0 1 1
0 0 0 0 1 -2 1 0 0 0 0
0 0 0 0 0 1 -2 1 0 0 0
0 0 0 0 0 0 1 -3 1 0 -1
1 0 0 0 0 0 0 1 -1 0 1
0 0 0 0 1 0 0 0 0 -6 -4
-2 1 -1 1 1 0 0 -1 1 -4 0

# 415
9 -1 1 9 0 11 -6 1 U
-1 1 0 0 0 0 0 0 0 1 1
1 -3 1 0 0 0 0 0 0 0 -1
0 1 -1 1 0 0 0 0 0 0 1
0 0 1 -5 1 0 0 0 1 0 -3
0 0 0 1 -1 1 0 0 0 0 1
0 0 0 0 1 -3 1 0 0 0 -1
0 0 0 0 0 1 -2 1 0 0 0
0 0 0 0 0 0 1 -1 0 0 1
0 0 0 1 0 0 0 0 -1 0 1
1 0 0 0 0 0 0 0 0 -6 -4
1 -1 1 -3 1 -1 0 1 1 -4 0

# 416
9 -1 1 9 0 11 -6 1 U
-1 1 0 0 0 0 0 0 0 1 1
1 -2 1 0 0 0 0 0 0 0 0
0 1 -2 1 0 0 0 0 0 0 0
0 0 1 -2 1 0 0 0 0 0 0
0 0 0 1 -2 1 0 0 0 0 0
0 0 0 0 1 -2 1 0 0 0 0
0 0 0 0 0 1 -2 1 0 0 0
0 0 0 0 0 0 1 -2 1 0 0
0 0 0 0 0 0 0 1 -1 0 1
1 0 0 0 0 0 0 0 0 -6 -4
1 0 0 0 0 0 0 0 1 -4 0

# 417
9 -1 1 9 0 11 -6 1 U
-4 1 0 0 0 0 0 0 1 0 -2
1 -1 0 0 0 0 0 0 0 0 1
0 0 -1 1 0 0 0 0 0 1 1
0 0 1 -3 1 0 0 0 0 0 -1
0 0 0 1 -1 1 0 0 0 0 1
0 0 0 0 1 -5 1 0 0 0 -3
0 0 0 0 0 1 -1 1 0 0 1
0 0 0 0 0 0 1 -3 1 0 -1
1 0 0 0 0 0 0 1 -1 0 1
0 0 1 0 0 0 0 0 0 -6 -4
-2 1 1 -1 1 -3 1 -1 1 -4 0

# 418
9 -1 1 9 0 11 -6 1 U
-6 0 0 1 0 0 0 0 1 0 -4
0 -2 1 0 0 0 0 0 0 0 0
0 1 -2 1 0 0 0 0 0 0 0
1 0 1 -1 0 0 0 0 0 0 1
0 0 0 0 -1 1 0 0 0 1 1
0 0 0 0 1 -2 1 0 0 0 0
0 0 0 0 0 1 -3 1 0 0 -1
0 0 0 0 0 0 1 -2 1 0 0
1 0 0 0 0 0 0 1 -1 0 1
0 0 0 0 1 0 0 0 0 -6 -4
-4 0 0 1 1 0 -1 0 1 -4 0

# 419
9 -1 1 9 0 11 -6 1 U
-1 1 0 0 0 0 0 0 0 0 1
1 -3 1 0 0 0 0 0 0 0 -1
0 1 -1 1 0 0 0 0 0 0 1
0 0 1 -5 1 0 0 0 1 0 -3
0 0 0 1 -1 1 0 0 0 0 1
0 0 0 0 1 -3 1 0 0 0 -1
0 0 0 0 0 1 -2 1 0 0 0
0 0 0 0 0 0 1 -1 0 1 1
0 0 0 1 0 0 0 0 -1 0 1
0 0 0 0 0 0 0 1 0 -6 -4
1 -1 1 -3 1 -1 0 1 1 -4 0

# 420
9 -1 1 9 0 11 -6 1 U
-4 1 0 0 1 0 0 0 0 0 -2
1 -1 1 0 0 0 0 0 0 0 1
0 1 -4 0 0 0 0 0 1 0 -2
0 0 0 -2 1 0 0 0 0 0 0
1 0 0 1 -1 0 0 0 0 0 1
0 0 0 0 0 -1 1 0 0 1 1
0 0 0 0 0 1 -2 1 0 0 0
0 0 0 0 0 0 1 -3 1 0 -1
0 0 1 0 0 0 0 1 -1 0 1
0 0 0 0 0 1 0 0 0 -6 -4
-2 1 -2 0 1 1 0 -1 1 -4 0

# 421
9 -1 1 9 0 11 -6 1 U
-6 0 0 1 0 0 0 0 1 0 -4
0 -1 1 0 0 0 0 0 0 1 1
0 1 -3 1 0 0 0 0 0 0 -1
1 0 1 -1 0 0 0 0 0 0 1
0 0 0 0 -2 0 1 0 0 0 0
0 0 0 0 0 -1 1 0 0 0 1
0 0 0 0 1 1 -3 1 0 0 -1
0 0 0 0 0 0 1 -2 1 0 0
1 0 0 0 0 0 0 1 -1 0 1
0 1 0 0 0 0 0 0 0 -6 -4
-4 1 -1 1 0 1 -1 0 1 -4 0

# 422
9 -1 1 9 0 11 -6 1 U
-2 1 0 0 0 0 0 0 1 0 0
1 -2 1 0 0 0 0 0 0 0 0
0 1 -3 1 0 0 0 0 0 0 -1
0 0 1 -1 1 0 0 0 0 0 1
0 0 0 1 -3 1 0 0 0 0 -1
0 0 0 0 1 -2 1 0 0 0 0
0 0 0 0 0 1 -2 1 0 0 0
0 0 0 0 0 0 1 -1 0 1 1
1 0 0 0 0 0 0 0 -1 0 1
0 0 0 0 0 0 0 1 0 -6 -4
0 0 -1 1 -1 0 0 1 1 -4 0

# 423
9 -1 1 9 0 11 -6 1 U
-1 0 1 0 0 0 0 0 0 0 1
0 -1 1 0 0 0 0 0 0 0 1
1 1 -5 1 0 0 0 0 1 0 -3
0 0 1 -1 1 0 0 0 0 0 1
0 0 0 1 -3 1 0 0 0 0 -1
0 0 0 0 1 -2 1 0 0 0 0
0 0 0 0 0 1 -2 1 0 0 0
0 0 0 0 0 0 1 -1 0 1 1
0 0 1 0 0 0 0 0 -1 0 1
0 0 0 0 0 0 0 1 0 -6 -4
1 1 -3 1 -1 0 0 1 1 -4 0

# 424
9 -1 1 9 0 11 -6 1 U
-6 0 1 0 0 1 0 0 1 0 -4
0 -2 1 0 0 0 0 0 0 0 0
1 1 -1 0 0 0 0 0 0 0 1
0 0 0 -1 1 0 0 0 0 1 1
0 0 0 1 -3 1 0 0 0 0 -1
1 0 0 0 1 -1 0 0 0 0 1
0 0 0 0 0 0 -1 1 0 0 1
0 0 0 0 0 0 1 -3 1 0 -1
1 0 0 0 0 0 0 1 -1 0 1
0 0 0 1 0 0 0 0 0 -6 -4
-4 0 1 1 -1 1 1 -1 1 -4 0

# 425
9 -1 1 9 0 11 -6 1 U
-4 0 0 0 1 0 0 0 1 0 -2
0 -1 1 0 0 0 0 0 0 1 1
0 1 -2 1 0 0 0 0 0 0 0
0 0 1 -3 1 0 0 0 0 0 -1
1 0 0 1 -1 0 0 0 0 0 1
0 0 0 0 0 -1 1 0 0 0 1
0 0 0 0 0 1 -2 1 0 0 0
0 0 0 0 0 0 1 -3 1 0 -1
1 0 0 0 0 0 0 1 -1 0 1
0 1 0 0 0 0 0 0 0 -6 -4
-2 1 0 -1 1 1 0 -1 1 -4 0

# 426
9 -1 1 9 0 11 -6 1 U
-6 0 0 1 0 0 0 0 1 0 -4
0 -1 1 0 0 0 0 0 0 1 1
0 1 -3 1 0 0 0 0 0 0 -1
1 0 1 -1 0 0 0 0 0 0 1
0 0 0 0 -2 1 0 0 0 0 0
0 0 0 0 1 -3 1 0 0 0 -1
0 0 0 0 0 1 -1 1 0 0 1
0 0 0 0 0 0 1 -3 1 0 -1
1 0 0 0 0 0 0 1 -1 0 1
0 1 0 0 0 0 0 0 0 -6 -4
-4 1 -1 1 0 -1 1 -1 1 -4 0

# 427
9 -1 1 9 0 11 -6 1 U
-1 1 0 0 0 0 0 0 0 0 1
1 -3 1 0 0 0 0 0 1 0 -1
0 1 -1 1 0 0 0 0 0 0 1
0 0 1 -5 1 0 0 0 0 0 -3
0 0 0 1 -1 1 0 0 0 0 1
0 0 0 0 1 -3 1 0 0 0 -1
0 0 0 0 0 1 -2 1 0 0 0
0 0 0 0 0 0 1 -1 0 1 1
0 1 0 0 0 0 0 0 -2 0 0
0 0 0 0 0 0 0 1 0 -6 -4
1 -1 1 -3 1 -1 0 1 0 -4 0

# 428
9 -1 1 9 0 11 -6 1 U
-1 0 1 0 0 0 0 0 1 0 1
0 -1 1 0 0 0 0 0 0 0 1
1 1 -5 1 0 0 0 0 0 0 -3
0 0 1 -1 1 0 0 0 0 0 1
0 0 0 1 -3 1 0 0 0 0 -1
0 0 0 0 1 -2 1 0 0 0 0
0 0 0 0 0 1 -2 1 0 0 0
0 0 0 0 0 0 1 -1 0 1 1
1 0 0 0 0 0 0 0 -2 0 0
0 0 0 0 0 0 0 1 0 -6 -4
1 1 -3 1 -1 0 0 1 0 -4 0

# 429
9 -1 1 9 0 11 -6 1 U
-6 1 0 1 0 0 0 0 1 0 -4
1 -1 0 0 0 0 0 0 0 0 1
0 0 -2 1 0 0 0 0 0 0 0
1 0 1 -1 0 0 0 0 0 0 1
0 0 0 0 -1 1 0 0 0 1 1
0 0 0 0 1 -2 1 0 0 0 0
0 0 0 0 0 1 -3 1 0 0 -1
0 0 0 0 0 0 1 -2 1 0 0
1 0 0 0 0 0 0 1 -1 0 1
0 0 0 0 1 0 0 0 0 -6 -4
-4 1 0 1 1 0 -1 0 1 -4 0

# 430
9 -1 1 9 0 11 -6 1 U
-3 1 0 0 0 0 0 0 1 0 -1
1 -2 1 0 0 0 0 0 0 0 0
0 1 -1 1 0 0 0 0 0 0 1
0 0 1 -5 1 0 0 0 0 0 -3
0 0 0 1 -1 1 0 0 0 0 1
0 0 0 0 1 -3 1 0 0 0 -1
0 0 0 0 0 1 -2 1 0 0 0
0 0 0 0 0 0 1 -1 0 1 1
1 0 0 0 0 0 0 0 -1 0 1
0 0 0 0 0 0 0 1 0 -6 -4
-1 0 1 -3 1 -1 0 1 1 -4 0

# 431
9 -1 1 9 0 11 -6 1 U
-3 1 0 0 0 0 0 0 1 0 -1
1 -1 1 0 0 0 0 0 0 0 1
0 1 -5 1 0 0 0 0 0 0 -3
0 0 1 -1 1 0 0 0 0 0 1
0 0 0 1 -2 1 0 0 0 0 0
0 0 0 0 1 -3 1 0 0 0 -1
0 0 0 0 0 1 -2 1 0 0 0
0 0 0 0 0 0 1 -1 0 1 1
1 0 0 0 0 0 0 0 -1 0 1
0 0 0 0 0 0 0 1 0 -6 -4
-1 1 -3 1 0 -1 0 1 1 -4 0

# 432
9 -1 1 9 0 11 -6 1 U
-3 1 0 0 0 0 0 0 1 0 -1
1 -1 1 0 0 0 0 0 0 0 1
0 1 -5 1 0 0 0 0 0 0 -3
0 0 1 -1 1 0 0 0 0 0 1
0 0 0 1 -2 1 0 0 0 0 0
0 0 0 0 1 -3 1 0 0 0 -1
0 0 0 0 0 1 -2 1 0 0 0
0 0 0 0 0 0 1 -1 0 0 1
1 0 0 0 0 0 0 0 -1 1 1
0 0 0 0 0 0 0 0 1 -6 -4
-1 1 -3 1 0 -1 0 1 1 -4 0

# 433
9 -1 1 9 0 11 -6 1 U
-6 1 0 0 1 0 0 0 1 0 -4
1 -1 0 0 0 0 0 0 0 0 1
0 0 -1 1 0 0 0 0 0 1 1
0 0 1 -3 1 0 0 0 0 0 -1
1 0 0 1 -1 0 0 0 0 0 1
0 0 0 0 0 -3 1 0 0 0 -1
0 0 0 0 0 1 -1 1 0 0 1
0 0 0 0 0 0 1 -3 1 0 -1
1 0 0 0 0 0 0 1 -1 0 1
0 0 1 0 0 0 0 0 0 -6 -4
-4 1 1 -1 1 -1 1 -1 1 -4 0

# 434
9 -1 1 9 0 11 -6 1 U
-4 1 0 0 0 1 0 0 0 0 -2
1 -1 1 0 0 0 0 0 0 0 1
0 1 -4 0 0 0 0 0 1 0 -2
0 0 0 -1 1 0 0 0 0 1 1
0 0 0 1 -3 1 0 0 0 0 -1
1 0 0 0 1 -1 0 0 0 0 1
0 0 0 0 0 0 -1 1 0 0 1
0 0 0 0 0 0 1 -3 1 0 -1
0 0 1 0 0 0 0 1 -1 0 1
0 0 0 1 0 0 0 0 0 -6 -4
-2 1 -2 1 -1 1 1 -1 1 -4 0

# 435
9 -1 1 9 0 11 -6 1 U
-1 1 0 0 0 0 0 0 1 0 1
1 -3 1 0 0 0 0 0 0 0 -1
0 1 -1 1 0 0 0 0 0 0 1
0 0 1 -5 1 0 0 0 0 0 -3
0 0 0 1 -1 1 0 0 0 0 1
0 0 0 0 1 -3 1 0 0 0 -1
0 0 0 0 0 1 -2 1 0 0 0
0 0 0 0 0 0 1 -1 0 1 1
1 0 0 0 0 0 0 0 -3 0 -1
0 0 0 0 0 0 0 1 0 -6 -4
1 -1 1 -3 1 -1 0 1 -1 -4 0

# 436
9 -1 1 9 0 11 -6 1 U
-4 0 0 0 0 0 0 1 0 0 -2
0 -3 1 0 0 0 0 0 1 0 -1
0 1 -1 1 0 0 0 0 0 0 1
0 0 1 -5 1 0 0 0 0 0 -3
0 0 0 1 -1 1 0 0 0 0 1
0 0 0 0 1 -3 1 0 0 0 -1
0 0 0 0 0 1 -2 1 0 0 0
1 0 0 0 0 0 1 -1 0 0 1
0 1 0 0 0 0 0 0 -1 1 1
0 0 0 0 0 0 0 0 1 -6 -4
-2 -1 1 -3 1 -1 0 1 1 -4 0

# 437
9 -1 1 9 0 11 -6 1 U
-6 1 0 0 1 0 0 0 1 0 -4
1 -1 0 0 0 0 0 0 0 0 1
0 0 -1 1 0 0 0 0 0 1 1
0 0 1 -3 1 0 0 0 0 0 -1
1 0 0 1 -1 0 0 0 0 0 1
0 0 0 0 0 -1 1 0 0 0 1
0 0 0 0 0 1 -3 1 0 0 -1
0 0 0 0 0 0 1 -2 1 0 0
1 0 0 0 0 0 0 1 -1 0 1
0 0 1 0 0 0 0 0 0 -6 -4
-4 1 1 -1 1 1 -1 0 1 -4 0

# 438
9 -1 1 9 0 11 -6 1 U
-6 0 0 1 0 0 0 0 1 0 -4
0 -1 1 0 0 0 0 0 0 1 1
0 1 -3 1 0 0 0 0 0 0 -1
1 0 1 -1 0 0 0 0 0 0 1
0 0 0 0 -3 1 0 0 0 0 -1
0 0 0 0 1 -1 1 0 0 0 1
0 0 0 0 0 1 -3 1 0 0 -1
0 0 0 0 0 0 1 -2 1 0 0
1 0 0 0 0 0 0 1 -1 0 1
0 1 0 0 0 0 0 0 0 -6 -4
-4 1 -1 1 -1 1 -1 0 1 -4 0

# 439
9 -1 1 9 0 11 -6 1 U
-4 1 0 1 1 0 0 0 0 0 -2
1 -1 1 0 0 0 0 0 0 0 1
0 1 -4 0 0 0 0 0 1 0 -2
1 0 0 -1 0 0 0 0 0 0 1
1 0 0 0 -1 0 0 0 0 0 1
0 0 0 0 0 -1 1 0 0 1 1
0 0 0 0 0 1 -2 1 0 0 0
0 0 0 0 0 0 1 -3 1 0 -1
0 0 1 0 0 0 0 1 -1 0 1
0 0 0 0 0 1 0 0 0 -6 -4
-2 1 -2 1 1 1 0 -1 1 -4 0

# 440
9 -1 1 9 0 11 -6 1 U
-6 1 1 0 0 0 0 1 1 0 -4
1 -1 0 0 0 0 0 0 0 0 1
1 0 -1 0 0 0 0 0 0 0 1
0 0 0 -1 1 0 0 0 0 1 1
0 0 0 1 -2 1 0 0 0 0 0
0 0 0 0 1 -3 1 0 0 0 -1
0 0 0 0 0 1 -2 1 0 0 0
1 0 0 0 0 0 1 -1 0 0 1
1 0 0 0 0 0 0 0 -1 0 1
0 0 0 1 0 0 0 0 0 -6 -4
-4 1 1 1 0 -1 0 1 1 -4 0

# 441
9 -1 1 9 0 11 -6 1 U
-6 0 0 1 0 0 0 0 1 0 -4
0 -1 1 0 0 0 0 0 0 1 1
0 1 -3 1 0 0 0 0 0 0 -1
1 0 1 -1 0 0 0 0 0 0 1
0 0 0 0 -1 1 0 0 0 0 1
0 0 0 0 1 -3 1 0 0 0 -1
0 0 0 0 0 1 -2 1 0 0 0
0 0 0 0 0 0 1 -2 1 0 0
1 0 0 0 0 0 0 1 -1 0 1
0 1 0 0 0 0 0 0 0 -6 -4
-4 1 -1 1 1 -1 0 0 1 -4 0

# 442
9 -1 1 9 0 11 -6 1 U
-4 0 0 1 0 0 0 0 1 0 -2
0 -1 1 0 0 0 0 0 0 1 1
0 1 -3 1 0 0 0 0 0 0 -1
1 0 1 -1 0 0 0 0 0 0 1
0 0 0 0 -1 1 0 0 0 0 1
0 0 0 0 1 -2 1 0 0 0 0
0 0 0 0 0 1 -2 1 0 0 0
0 0 0 0 0 0 1 -3 1 0 -1
1 0 0 0 0 0 0 1 -1 0 1
0 1 0 0 0 0 0 0 0 -6 -4
-2 1 -1 1 1 0 0 -1 1 -4 0

# 443
9 -4 1 9 0 11 -7 2 N
-2 1 0 0 0 0 0 0 1 0 0
1 -2 1 0 0 0 0 0 0 0 0
0 1 -3 1 0 0 0 0 0 0 -1
0 0 1 -1 1 0 0 0 0 0 1
0 0 0 1 -3 1 0 0 0 0 -1
0 0 0 0 1 -2 1 0 0 0 0
0 0 0 0 0 1 -2 1 0 0 0
0 0 0 0 0 0 1 -1 0 1 1
1 0 0 0 0 0 0 0 -1 1 1
0 0 0 0 0 0 0 1 1 -7 -5
0 0 -1 1 -1 0 0 1 1 -5 0

# 444
9 -4 1 9 0 11 -7 2 N
-1 1 0 0 0 0 0 0 0 1 1
1 -2 1 0 0 0 0 0 0 0 0
0 1 -2 1 0 0 0 0 0 0 0
0 0 1 -2 1 0 0 0 0 0 0
0 0 0 1 -2 1 0 0 0 0 0
0 0 0 0 1 -2 1 0 0 0 0
0 0 0 0 0 1 -2 1 0 0 0
0 0 0 0 0 0 1 -2 1 0 0
0 0 0 0 0 0 0 1 -1 1 1
1 0 0 0 0 0 0 0 1 -7 -5
1 0 0 0 0 0 0 0 1 -5 0

# 445
9 -4 1 9 0 11 -7 2 N
-4 0 0 0 1 0 0 0 1 0 -2
0 -1 1 0 0 0 0 0 0 1 1
0 1 -2 1 0 0 0 0 0 0 0
0 0 1 -3 1 0 0 0 0 0 -1
1 0 0 1 -1 0 0 0 0 0 1
0 0 0 0 0 -1 1 0 0 1 1
0 0 0 0 0 1 -2 1 0 0 0
0 0 0 0 0 0 1 -3 1 0 -1
1 0 0 0 0 0 0 1 -1 0 1
0 1 0 0 0 1 0 0 0 -7 -5
-2 1 0 -1 1 1 0 -1 1 -5 0

# 446
9 -4 1 9 0 11 -7 1 N
-4 0 0 0 1 0 0 0 1 0 -2
0 -1 1 0 0 0 0 0 0 1 1
0 1 -2 1 0 0 0 0 0 0 0
0 0 1 -3 1 0 0 0 0 0 -1
1 0 0 1 -1 0 0 0 0 0 1
0 0 0 0 0 -2 0 1 0 0 0
0 0 0 0 0 0 -2 1 0 0 0
0 0 0 0 0 1 1 -3 1 0 -1
1 0 0 0 0 0 0 1 -1 0 1
0 1 0 0 0 0 0 0 0 -7 -5
-2 1 0 -1 1 0 0 -1 1 -5 0

# 447
9 -4 1 9 0 11 -7 1 N
-3 1 0 0 0 0 0 0 0 0 -1
1 -1 0 1 0 0 0 0 0 0 1
0 0 -1 1 0 0 0 0 1 0 1
0 1 1 -5 1 0 0 0 0 0 -3
0 0 0 1 -1 1 0 0 0 0 1
0 0 0 0 1 -3 1 0 0 0 -1
0 0 0 0 0 1 -2 1 0 0 0
0 0 0 0 0 0 1 -1 0 1 1
0 0 1 0 0 0 0 0 -3 0 -1
0 0 0 0 0 0 0 1 0 -7 -5
-1 1 1 -3 1 -1 0 1 -1 -5 0

# 448
9 -4 1 9 0 11 -7 1 N
-2 1 0 0 0 0 0 1 1 0 0
1 -2 1 0 0 0 0 0 0 0 0
0 1 -2 1 0 0 0 0 0 0 0
0 0 1 -2 1 0 0 0 0 0 0
0 0 0 1 -2 1 0 0 0 0 0
0 0 0 0 1 -2 1 0 0 0 0
0 0 0 0 0 1 -1 0 0 1 1
1 0 0 0 0 0 0 -2 0 0 0
1 0 0 0 0 0 0 0 -2 0 0
0 0 0 0 0 0 1 0 0 -7 -5
0 0 0 0 0 0 1 0 0 -5 0

# 449
9 -1 1 9 0 11 -7 1 U
-3 1 0 0 0 0 0 0 1 0 -1
1 -1 1 0 0 0 0 0 0 0 1
0 1 -5 1 0 0 0 0 0 0 -3
0 0 1 -1 1 0 0 0 0 0 1
0 0 0 1 -2 1 0 0 0 0 0
0 0 0 0 1 -3 1 0 0 0 -1
0 0 0 0 0 1 -2 1 0 0 0
0 0 0 0 0 0 1 -1 0 1 1
1 0 0 0 0 0 0 0 -1 0 1
0 0 0 0 0 0 0 1 0 -7 -5
-1 1 -3 1 0 -1 0 1 1 -5 0

# 450
9 -1 1 9 0 11 -7 1 U
-1 0 1 0 0 0 0 0 1 0 1
0 -1 1 0 0 0 0 0 0 0 1
1 1 -5 1 0 0 0 0 0 0 -3
0 0 1 -1 1 0 0 0 0 0 1
0 0 0 1 -3 1 0 0 0 0 -1
0 0 0 0 1 -2 1 0 0 0 0
0 0 0 0 0 1 -2 1 0 0 0
0 0 0 0 0 0 1 -1 0 1 1
1 0 0 0 0 0 0 0 -2 0 0
0 0 0 0 0 0 0 1 0 -7 -5
1 1 -3 1 -1 0 0 1 0 -5 0

# 451
9 -1 1 9 0 11 -7 1 U
-6 1 0 1 0 0 0 0 1 0 -4
1 -1 0 0 0 0 0 0 0 0 1
0 0 -2 1 0 0 0 0 0 0 0
1 0 1 -1 0 0 0 0 0 0 1
0 0 0 0 -1 1 0 0 0 1 1
0 0 0 0 1 -2 1 0 0 0 0
0 0 0 0 0 1 -3 1 0 0 -1
0 0 0 0 0 0 1 -2 1 0 0
1 0 0 0 0 0 0 1 -1 0 1
0 0 0 0 1 0 0 0 0 -7 -5
-4 1 0 1 1 0 -1 0 1 -5 0

# 452
9 -1 1 9 0 11 -7 1 U
-4 1 0 0 1 0 0 0 0 0 -2
1 -1 1 0 0 0 0 0 0 0 1
0 1 -4 0 0 0 0 0 1 0 -2
0 0 0 -2 1 0 0 0 0 0 0
1 0 0 1 -1 0 0 0 0 0 1
0 0 0 0 0 -1 1 0 0 1 1
0 0 0 0 0 1 -2 1 0 0 0
0 0 0 0 0 0 1 -3 1 0 -1
0 0 1 0 0 0 0 1 -1 0 1
0 0 0 0 0 1 0 0 0 -7 -5
-2 1 -2 0 1 1 0 -1 1 -5 0

# 453
9 -1 1 9 0 11 -7 1 U
-2 1 0 0 0 0 0 0 1 0 0
1 -1 1 0 0 0 0 0 0 0 1
0 1 -5 1 0 0 0 0 0 0 -3
0 0 1 -1 1 0 0 0 0 0 1
0 0 0 1 -3 1 0 0 0 0 -1
0 0 0 0 1 -2 1 0 0 0 0
0 0 0 0 0 1 -2 1 0 0 0
0 0 0 0 0 0 1 -1 0 1 1
1 0 0 0 0 0 0 0 -2 0 0
0 0 0 0 0 0 0 1 0 -7 -5
0 1 -3 1 -1 0 0 1 0 -5 0

# 454
9 -1 1 9 0 11 -7 1 U
-3 1 0 0 0 0 0 0 1 0 -1
1 -2 1 0 0 0 0 0 0 0 0
0 1 -1 1 0 0 0 0 0 0 1
0 0 1 -5 1 0 0 0 0 0 -3
0 0 0 1 -1 1 0 0 0 0 1
0 0 0 0 1 -3 1 0 0 0 -1
0 0 0 0 0 1 -2 1 0 0 0
0 0 0 0 0 0 1 -1 0 1 1
1 0 0 0 0 0 0 0 -1 0 1
0 0 0 0 0 0 0 1 0 -7 -5
-1 0 1 -3 1 -1 0 1 1 -5 0

# 455
9 -1 1 9 0 11 -7 1 U
-1 1 0 0 0 0 0 0 1 0 1
1 -3 1 0 0 0 0 0 0 0 -1
0 1 -1 1 0 0 0 0 0 0 1
0 0 1 -5 1 0 0 0 0 0 -3
0 0 0 1 -1 1 0 0 0 0 1
0 0 0 0 1 -3 1 0 0 0 -1
0 0 0 0 0 1 -2 1 0 0 0
0 0 0 0 0 0 1 -1 0 1 1
1 0 0 0 0 0 0 0 -3 0 -1
0 0 0 0 0 0 0 1 0 -7 -5
1 -1 1 -3 1 -1 0 1 -1 -5 0

# 456
9 -1 1 9 0 11 -7 1 U
-6 0 0 1 0 0 0 0 1 0 -4
0 -2 1 0 0 0 0 0 0 0 0
0 1 -2 1 0 0 0 0 0 0 0
1 0 1 -1 0 0 0 0 0 0 1
0 0 0 0 -1 1 0 0 0 1 1
0 0 0 0 1 -2 1 0 0 0 0
0 0 0 0 0 1 -3 1 0 0 -1
0 0 0 0 0 0 1 -2 1 0 0
1 0 0 0 0 0 0 1 -1 0 1
0 0 0 0 1 0 0 0 0 -7 -5
-4 0 0 1 1 0 -1 0 1 -5 0

# 457
9 -1 1 9 0 11 -7 1 U
-4 1 0 1 1 0 0 0 0 0 -2
1 -1 1 0 0 0 0 0 0 0 1
0 1 -4 0 0 0 0 0 1 0 -2
1 0 0 -1 0 0 0 0 0 0 1
1 0 0 0 -1 0 0 0 0 0 1
0 0 0 0 0 -1 1 0 0 1 1
0 0 0 0 0 1 -2 1 0 0 0
0 0 0 0 0 0 1 -3 1 0 -1
0 0 1 0 0 0 0 1 -1 0 1
0 0 0 0 0 1 0 0 0 -7 -5
-2 1 -2 1 1 1 0 -1 1 -5 0

# 458
9 -1 1 9 0 11 -7 1 U
-1 1 0 0 0 0 0 0 0 0 1
1 -3 1 0 0 0 0 0 0 0 -1
0 1 -1 1 0 0 0 0 0 0 1
0 0 1 -5 1 0 0 0 1 0 -3
0 0 0 1 -1 1 0 0 0 0 1
0 0 0 0 1 -3 1 0 0 0 -1
0 0 0 0 0 1 -2 1 0 0 0
0 0 0 0 0 0 1 -1 0 1 1
0 0 0 1 0 0 0 0 -1 0 1
0 0 0 0 0 0 0 1 0 -7 -5
1 -1 1 -3 1 -1 0 1 1 -5 0

# 459
9 -1 1 9 0 11 -7 1 U
-4 0 0 0 1 0 0 0 1 0 -2
0 -1 1 0 0 0 0 0 0 1 1
0 1 -2 1 0 0 0 0 0 0 0
0 0 1 -3 1 0 0 0 0 0 -1
1 0 0 1 -1 0 0 0 0 0 1
0 0 0 0 0 -1 1 0 0 0 1
0 0 0 0 0 1 -2 1 0 0 0
0 0 0 0 0 0 1 -3 1 0 -1
1 0 0 0 0 0 0 1 -1 0 1
0 1 0 0 0 0 0 0 0 -7 -5
-2 1 0 -1 1 1 0 -1 1 -5 0

# 460
9 -1 1 9 0 11 -7 1 U
-2 1 0 0 0 0 0 0 1 0 0
1 -2 1 0 0 0 0 0 0 0 0
0 1 -3 1 0 0 0 0 0 0 -1
0 0 1 -1 1 0 0 0 0 0 1
0 0 0 1 -3 1 0 0 0 0 -1
0 0 0 0 1 -2 1 0 0 0 0
0 0 0 0 0 1 -2 1 0 0 0
0 0 0 0 0 0 1 -1 0 1 1
1 0 0 0 0 0 0 0 -1 0 1
0 0 0 0 0 0 0 1 0 -7 -5
0 0 -1 1 -1 0 0 1 1 -5 0

# 461
9 -1 1 9 0 11 -7 1 U
-1 1 0 0 0 0 0 0 0 1 1
1 -2 1 0 0 0 0 0 0 0 0
0 1 -2 1 0 0 0 0 0 0 0
0 0 1 -2 1 0 0 0 0 0 0
0 0 0 1 -2 1 0 0 0 0 0
0 0 0 0 1 -2 1 0 0 0 0
0 0 0 0 0 1 -2 1 0 0 0
0 0 0 0 0 0 1 -2 1 0 0
0 0 0 0 0 0 0 1 -1 0 1
1 0 0 0 0 0 0 0 0 -7 -5
1 0 0 0 0 0 0 0 1 -5 0

# 462
9 -1 1 9 0 11 -7 1 U
-6 1 1 0 0 0 0 1 1 0 -4
1 -1 0 0 0 0 0 0 0 0 1
1 0 -1 0 0 0 0 0 0 0 1
0 0 0 -1 1 0 0 0 0 1 1
0 0 0 1 -2 1 0 0 0 0 0
0 0 0 0 1 -3 1 0 0 0 -1
0 0 0 0 0 1 -2 1 0 0 0
1 0 0 0 0 0 1 -1 0 0 1
1 0 0 0 0 0 0 0 -1 0 1
0 0 0 1 0 0 0 0 0 -7 -5
-4 1 1 1 0 -1 0 1 1 -5 0

# 463
9 -1 1 9 0 11 -7 1 U
-4 0 0 1 0 0 0 0 1 0 -2
0 -1 1 0 0 0 0 0 0 0 1
0 1 -3 1 0 0 0 0 0 0 -1
1 0 1 -1 0 0 0 0 0 0 1
0 0 0 0 -1 1 0 0 0 1 1
0 0 0 0 1 -2 1 0 0 0 0
0 0 0 0 0 1 -2 1 0 0 0
0 0 0 0 0 0 1 -3 1 0 -1
1 0 0 0 0 0 0 1 -1 0 1
0 0 0 0 1 0 0 0 0 -7 -5
-2 1 -1 1 1 0 0 -1 1 -5 0

# 464
9 -1 1 9 0 11 -7 1 U
-1 1 0 0 0 0 0 0 0 0 1
1 -3 1 0 0 0 0 0 1 0 -1
0 1 -1 1 0 0 0 0 0 0 1
0 0 1 -5 1 0 0 0 0 0 -3
0 0 0 1 -1 1 0 0 0 0 1
0 0 0 0 1 -3 1 0 0 0 -1
0 0 0 0 0 1 -2 1 0 0 0
0 0 0 0 0 0 1 -1 0 1 1
0 1 0 0 0 0 0 0 -2 0 0
0 0 0 0 0 0 0 1 0 -7 -5
1 -1 1 -3 1 -1 0 1 0 -5 0

# 465
9 -1 1 9 0 11 -7 1 U
-1 0 1 0 0 0 0 0 0 0 1
0 -1 1 0 0 0 0 0 0 0 1
1 1 -5 1 0 0 0 0 1 0 -3
0 0 1 -1 1 0 0 0 0 0 1
0 0 0 1 -3 1 0 0 0 0 -1
0 0 0 0 1 -2 1 0 0 0 0
0 0 0 0 0 1 -2 1 0 0 0
0 0 0 0 0 0 1 -1 0 1 1
0 0 1 0 0 0 0 0 -1 0 1
0 0 0 0 0 0 0 1 0 -7 -5
1 1 -3 1 -1 0 0 1 1 -5 0

# 466
9 -4 1 9 0 11 -8 1 N
-4 0 0 0 1 0 0 0 1 0 -2
0 -1 1 0 0 0 0 0 0 1 1
0 1 -2 1 0 0 0 0 0 0 0
0 0 1 -3 1 0 0 0 0 0 -1
1 0 0 1 -1 0 0 0 0 0 1
0 0 0 0 0 -2 0 1 0 0 0
0 0 0 0 0 0 -2 1 0 0 0
0 0 0 0 0 1 1 -3 1 0 -1
1 0 0 0 0 0 0 1 -1 0 1
0 1 0 0 0 0 0 0 0 -8 -6
-2 1 0 -1 1 0 0 -1 1 -6 0

# 467
9 -4 1 9 0 11 -8 2 N
-1 1 0 0 0 0 0 0 0 1 1
1 -2 1 0 0 0 0 0 0 0 0
0 1 -2 1 0 0 0 0 0 0 0
0 0 1 -2 1 0 0 0 0 0 0
0 0 0 1 -2 1 0 0 0 0 0
0 0 0 0 1 -2 1 0 0 0 0
0 0 0 0 0 1 -2 1 0 0 0
0 0 0 0 0 0 1 -2 1 0 0
0 0 0 0 0 0 0 1 -1 1 1
1 0 0 0 0 0 0 0 1 -8 -6
1 0 0 0 0 0 0 0 1 -6 0

# 468
9 -4 1 9 0 11 -8 1 N
-2 1 0 0 0 0 0 1 1 0 0
1 -2 1 0 0 0 0 0 0 0 0
0 1 -2 1 0 0 0 0 0 0 0
0 0 1 -2 1 0 0 0 0 0 0
0 0 0 1 -2 1 0 0 0 0 0
0 0 0 0 1 -2 1 0 0 0 0
0 0 0 0 0 1 -1 0 0 1 1
1 0 0 0 0 0 0 -2 0 0 0
1 0 0 0 0 0 0 0 -2 0 0
0 0 0 0 0 0 1 0 0 -8 -6
0 0 0 0 0 0 1 0 0 -6 0

# 469
9 -4 1 9 0 11 -8 2 N
-2 1 0 0 0 0 0 0 1 0 0
1 -2 1 0 0 0 0 0 0 0 0
0 1 -3 1 0 0 0 0 0 0 -1
0 0 1 -1 1 0 0 0 0 0 1
0 0 0 1 -3 1 0 0 0 0 -1
0 0 0 0 1 -2 1 0 0 0 0
0 0 0 0 0 1 -2 1 0 0 0
0 0 0 0 0 0 1 -1 0 1 1
1 0 0 0 0 0 0 0 -1 1 1
0 0 0 0 0 0 0 1 1 -8 -6
0 0 -1 1 -1 0 0 1 1 -6 0

# 470
9 -4 1 9 0 11 -8 1 N
-3 1 0 0 0 0 0 0 0 0 -1
1 -1 0 1 0 0 0 0 0 0 1
0 0 -1 1 0 0 0 0 1 0 1
0 1 1 -5 1 0 0 0 0 0 -3
0 0 0 1 -1 1 0 0 0 0 1
0 0 0 0 1 -3 1 0 0 0 -1
0 0 0 0 0 1 -2 1 0 0 0
0 0 0 0 0 0 1 -1 0 1 1
0 0 1 0 0 0 0 0 -3 0 -1
0 0 0 0 0 0 0 1 0 -8 -6
-1 1 1 -3 1 -1 0 1 -1 -6 0

# 471
9 -4 1 9 0 11 -8 2 N
-4 0 0 0 1 0 0 0 1 0 -2
0 -1 1 0 0 0 0 0 0 1 1
0 1 -2 1 0 0 0 0 0 0 0
0 0 1 -3 1 0 0 0 0 0 -1
1 0 0 1 -1 0 0 0 0 0 1
0 0 0 0 0 -1 1 0 0 1 1
0 0 0 0 0 1 -2 1 0 0 0
0 0 0 0 0 0 1 -3 1 0 -1
1 0 0 0 0 0 0 1 -1 0 1
0 1 0 0 0 1 0 0 0 -8 -6
-2 1 0 -1 1 1 0 -1 1 -6 0

# 472
9 -1 1 9 0 11 -8 1 U
-1 0 1 0 0 0 0 0 0 0 1
0 -1 1 0 0 0 0 0 0 0 1
1 1 -5 1 0 0 0 0 1 0 -3
0 0 1 -1 1 0 0 0 0 0 1
0 0 0 1 -3 1 0 0 0 0 -1
0 0 0 0 1 -2 1 0 0 0 0
0 0 0 0 0 1 -2 1 0 0 0
0 0 0 0 0 0 1 -1 0 1 1
0 0 1 0 0 0 0 0 -1 0 1
0 0 0 0 0 0 0 1 0 -8 -6
1 1 -3 1 -1 0 0 1 1 -6 0

# 473
9 -1 1 9 0 11 -8 1 U
-3 1 0 0 0 0 0 0 1 0 -1
1 -2 1 0 0 0 0 0 0 0 0
0 1 -1 1 0 0 0 0 0 0 1
0 0 1 -5 1 0 0 0 0 0 -3
0 0 0 1 -1 1 0 0 0 0 1
0 0 0 0 1 -3 1 0 0 0 -1
0 0 0 0 0 1 -2 1 0 0 0
0 0 0 0 0 0 1 -1 0 1 1
1 0 0 0 0 0 0 0 -1 0 1
0 0 0 0 0 0 0 1 0 -8 -6
-1 0 1 -3 1 -1 0 1 1 -6 0

# 474
9 -1 1 9 0 11 -8 1 U
-3 1 0 0 0 0 0 0 1 0 -1
1 -1 1 0 0 0 0 0 0 0 1
0 1 -5 1 0 0 0 0 0 0 -3
0 0 1 -1 1 0 0 0 0 0 1
0 0 0 1 -2 1 0 0 0 0 0
0 0 0 0 1 -3 1 0 0 0 -1
0 0 0 0 0 1 -2 1 0 0 0
0 0 0 0 0 0 1 -1 0 1 1
1 0 0 0 0 0 0 0 -1 0 1
0 0 0 0 0 0 0 1 0 -8 -6
-1 1 -3 1 0 -1 0 1 1 -6 0

# 475
9 -1 1 9 0 11 -8 1 U
-4 0 0 1 0 0 0 0 1 0 -2
0 -1 1 0 0 0 0 0 0 0 1
0 1 -3 1 0 0 0 0 0 0 -1
1 0 1 -1 0 0 0 0 0 0 1
0 0 0 0 -1 1 0 0 0 1 1
0 0 0 0 1 -2 1 0 0 0 0
0 0 0 0 0 1 -2 1 0 0 0
0 0 0 0 0 0 1 -3 1 0 -1
1 0 0 0 0 0 0 1 -1 0 1
0 0 0 0 1 0 0 0 0 -8 -6
-2 1 -1 1 1 0 0 -1 1 -6 0

# 476
9 -1 1 9 0 11 -8 1 U
-6 1 1 0 0 0 0 1 1 0 -4
1 -1 0 0 0 0 0 0 0 0 1
1 0 -1 0 0 0 0 0 0 0 1
0 0 0 -1 1 0 0 0 0 1 1
0 0 0 1 -2 1 0 0 0 0 0
0 0 0 0 1 -3 1 0 0 0 -1
0 0 0 0 0 1 -2 1 0 0 0
1 0 0 0 0 0 1 -1 0 0 1
1 0 0 0 0 0 0 0 -1 0 1
0 0 0 1 0 0 0 0 0 -8 -6
-4 1 1 1 0 -1 0 1 1 -6 0

# 477
9 -1 1 9 0 11 -8 1 U
-6 1 0 1 0 0 0 0 1 0 -4
1 -1 0 0 0 0 0 0 0 0 1
0 0 -2 1 0 0 0 0 0 0 0
1 0 1 -1 0 0 0 0 0 0 1
0 0 0 0 -1 1 0 0 0 1 1
0 0 0 0 1 -2 1 0 0 0 0
0 0 0 0 0 1 -3 1 0 0 -1
0 0 0 0 0 0 1 -2 1 0 0
1 0 0 0 0 0 0 1 -1 0 1
0 0 0 0 1 0 0 0 0 -8 -6
-4 1 0 1 1 0 -1 0 1 -6 0

# 478
9 -1 1 9 0 11 -8 1 U
-1 1 0 0 0 0 0 0 0 1 1
1 -2 1 0 0 0 0 0 0 0 0
0 1 -2 1 0 0 0 0 0 0 0
0 0 1 -2 1 0 0 0 0 0 0
0 0 0 1 -2 1 0 0 0 0 0
0 0 0 0 1 -2 1 0 0 0 0
0 0 0 0 0 1 -2 1 0 0 0
0 0 0 0 0 0 1 -2 1 0 0
0 0 0 0 0 0 0 1 -1 0 1
1 0 0 0 0 0 0 0 0 -8 -6
1 0 0 0 0 0 0 0 1 -6 0

# 479
9 -1 1 9 0 11 -8 1 U
-1 1 0 0 0 0 0 0 0 0 1
1 -3 1 0 0 0 0 0 0 0 -1
0 1 -1 1 0 0 0 0 0 0 1
0 0 1 -5 1 0 0 0 1 0 -3
0 0 0 1 -1 1 0 0 0 0 1
0 0 0 0 1 -3 1 0 0 0 -1
0 0 0 0 0 1 -2 1 0 0 0
0 0 0 0 0 0 1 -1 0 1 1
0 0 0 1 0 0 0 0 -1 0 1
0 0 0 0 0 0 0 1 0 -8 -6
1 -1 1 -3 1 -1 0 1 1 -6 0

# 480
9 -1 1 9 0 11 -8 1 U
-4 0 0 0 1 0 0 0 1 0 -2
0 -1 1 0 0 0 0 0 0 1 1
0 1 -2 1 0 0 0 0 0 0 0
0 0 1 -3 1 0 0 0 0 0 -1
1 0 0 1 -1 0 0 0 0 0 1
0 0 0 0 0 -1 1 0 0 0 1
0 0 0 0 0 1 -2 1 0 0 0
0 0 0 0 0 0 1 -3 1 0 -1
1 0 0 0 0 0 0 1 -1 0 1
0 1 0 0 0 0 0 0 0 -8 -6
-2 1 0 -1 1 1 0 -1 1 -6 0

# 481
9 -1 1 9 0 11 -8 1 U
-1 1 0 0 0 0 0 0 0 0 1
1 -3 1 0 0 0 0 0 1 0 -1
0 1 -1 1 0 0 0 0 0 0 1
0 0 1 -5 1 0 0 0 0 0 -3
0 0 0 1 -1 1 0 0 0 0 1
0 0 0 0 1 -3 1 0 0 0 -1
0 0 0 0 0 1 -2 1 0 0 0
0 0 0 0 0 0 1 -1 0 1 1
0 1 0 0 0 0 0 0 -2 0 0
0 0 0 0 0 0 0 1 0 -8 -6
1 -1 1 -3 1 -1 0 1 0 -6 0

# 482
9 -1 1 9 0 11 -8 1 U
-4 1 0 1 1 0 0 0 0 0 -2
1 -1 1 0 0 0 0 0 0 0 1
0 1 -4 0 0 0 0 0 1 0 -2
1 0 0 -1 0 0 0 0 0 0 1
1 0 0 0 -1 0 0 0 0 0 1
0 0 0 0 0 -1 1 0 0 1 1
0 0 0 0 0 1 -2 1 0 0 0
0 0 0 0 0 0 1 -3 1 0 -1
0 0 1 0 0 0 0 1 -1 0 1
0 0 0 0 0 1 0 0 0 -8 -6
-2 1 -2 1 1 1 0 -1 1 -6 0

# 483
9 -1 1 9 0 11 -8 1 U
-4 1 0 0 1 0 0 0 0 0 -2
1 -1 1 0 0 0 0 0 0 0 1
0 1 -4 0 0 0 0 0 1 0 -2
0 0 0 -2 1 0 0 0 0 0 0
1 0 0 1 -1 0 0 0 0 0 1
0 0 0 0 0 -1 1 0 0 1 1
0 0 0 0 0 1 -2 1 0 0 0
0 0 0 0 0 0 1 -3 1 0 -1
0 0 1 0 0 0 0 1 -1 0 1
0 0 0 0 0 1 0 0 0 -8 -6
-2 1 -2 0 1 1 0 -1 1 -6 0

# 484
9 -1 1 9 0 11 -8 1 U
-2 1 0 0 0 0 0 0 1 0 0
1 -1 1 0 0 0 0 0 0 0 1
0 1 -5 1 0 0 0 0 0 0 -3
0 0 1 -1 1 0 0 0 0 0 1
0 0 0 1 -3 1 0 0 0 0 -1
0 0 0 0 1 -2 1 0 0 0 0
0 0 0 0 0 1 -2 1 0 0 0
0 0 0 0 0 0 1 -1 0 1 1
1 0 0 0 0 0 0 0 -2 0 0
0 0 0 0 0 0 0 1 0 -8 -6
0 1 -3 1 -1 0 0 1 0 -6 0

# 485
9 -1 1 9 0 11 -8 1 U
-2 1 0 0 0 0 0 0 1 0 0
1 -2 1 0 0 0 0 0 0 0 0
0 1 -3 1 0 0 0 0 0 0 -1
0 0 1 -1 1 0 0 0 0 0 1
0 0 0 1 -3 1 0 0 0 0 -1
0 0 0 0 1 -2 1 0 0 0 0
0 0 0 0 0 1 -2 1 0 0 0
0 0 0 0 0 0 1 -1 0 1 1
1 0 0 0 0 0 0 0 -1 0 1
0 0 0 0 0 0 0 1 0 -8 -6
0 0 -1 1 -1 0 0 1 1 -6 0

# 486
9 -1 1 9 0 11 -8 1 U
-1 0 1 0 0 0 0 0 1 0 1
0 -1 1 0 0 0 0 0 0 0 1
1 1 -5 1 0 0 0 0 0 0 -3
0 0 1 -1 1 0 0 0 0 0 1
0 0 0 1 -3 1 0 0 0 0 -1
0 0 0 0 1 -2 1 0 0 0 0
0 0 0 0 0 1 -2 1 0 0 0
0 0 0 0 0 0 1 -1 0 1 1
1 0 0 0 0 0 0 0 -2 0 0
0 0 0 0 0 0 0 1 0 -8 -6
1 1 -3 1 -1 0 0 1 0 -6 0

# 487
9 -1 1 9 0 11 -8 1 U
-6 0 0 1 0 0 0 0 1 0 -4
0 -2 1 0 0 0 0 0 0 0 0
0 1 -2 1 0 0 0 0 0 0 0
1 0 1 -1 0 0 0 0 0 0 1
0 0 0 0 -1 1 0 0 0 1 1
0 0 0 0 1 -2 1 0 0 0 0
0 0 0 0 0 1 -3 1 0 0 -1
0 0 0 0 0 0 1 -2 1 0 0
1 0 0 0 0 0 0 1 -1 0 1
0 0 0 0 1 0 0 0 0 -8 -6
-4 0 0 1 1 0 -1 0 1 -6 0

# 488
9 -1 1 9 0 11 -8 1 U
-1 1 0 0 0 0 0 0 1 0 1
1 -3 1 0 0 0 0 0 0 0 -1
0 1 -1 1 0 0 0 0 0 0 1
0 0 1 -5 1 0 0 0 0 0 -3
0 0 0 1 -1 1 0 0 0 0 1
0 0 0 0 1 -3 1 0 0 0 -1
0 0 0 0 0 1 -2 1 0 0 0
0 0 0 0 0 0 1 -1 0 1 1
1 0 0 0 0 0 0 0 -3 0 -1
0 0 0 0 0 0 0 1 0 -8 -6
1 -1 1 -3 1 -1 0 1 -1 -6 0

# 489
9 -4 1 9 0 11 -12 2 N
-2 1 0 0 0 0 0 0 1 0 0
1 -2 1 0 0 0 0 0 0 0 0
0 1 -3 1 0 0 0 0 0 0 -1
0 0 1 -1 1 0 0 0 0 0 1
0 0 0 1 -3 1 0 0 0 0 -1
0 0 0 0 1 -2 1 0 0 0 0
0 0 0 0 0 1 -2 1 0 0 0
0 0 0 0 0 0 1 -1 0 1 1
1 0 0 0 0 0 0 0 -1 1 1
0 0 0 0 0 0 0 1 1 -12 -10
0 0 -1 1 -1 0 0 1 1 -10 0

# 490
9 -4 1 9 0 11 -12 2 N
-1 1 0 0 0 0 0 0 0 1 1
1 -2 1 0 0 0 0 0 0 0 0
0 1 -2 1 0 0 0 0 0 0 0
0 0 1 -2 1 0 0 0 0 0 0
0 0 0 1 -2 1 0 0 0 0 0
0 0 0 0 1 -2 1 0 0 0 0
0 0 0 0 0 1 -2 1 0 0 0
0 0 0 0 0 0 1 -2 1 0 0
0 0 0 0 0 0 0 1 -1 1 1
1 0 0 0 0 0 0 0 1 -12 -10
1 0 0 0 0 0 0 0 1 -10 0

# 491
9 -4 1 9 0 11 -12 1 N
-2 1 0 0 0 0 0 1 1 0 0
1 -2 1 0 0 0 0 0 0 0 0
0 1 -2 1 0 0 0 0 0 0 0
0 0 1 -2 1 0 0 0 0 0 0
0 0 0 1 -2 1 0 0 0 0 0
0 0 0 0 1 -2 1 0 0 0 0
0 0 0 0 0 1 -1 0 0 1 1
1 0 0 0 0 0 0 -2 0 0 0
1 0 0 0 0 0 0 0 -2 0 0
0 0 0 0 0 0 1 0 0 -12 -10
0 0 0 0 0 0 1 0 0 -10 0

# 492
9 -1 1 9 0 11 -12 1 U
-1 1 0 0 0 0 0 0 0 1 1
1 -2 1 0 0 0 0 0 0 0 0
0 1 -2 1 0 0 0 0 0 0 0
0 0 1 -2 1 0 0 0 0 0 0
0 0 0 1 -2 1 0 0 0 0 0
0 0 0 0 1 -2 1 0 0 0 0
0 0 0 0 0 1 -2 1 0 0 0
0 0 0 0 0 0 1 -2 1 0 0
0 0 0 0 0 0 0 1 -1 0 1
1 0 0 0 0 0 0 0 0 -12 -10
1 0 0 0 0 0 0 0 1 -10 0

# 493
9 -1 1 9 0 11 -12 1 U
-1 0 1 0 0 0 0 0 0 0 1
0 -1 1 0 0 0 0 0 0 0 1
1 1 -5 1 0 0 0 0 1 0 -3
0 0 1 -1 1 0 0 0 0 0 1
0 0 0 1 -3 1 0 0 0 0 -1
0 0 0 0 1 -2 1 0 0 0 0
0 0 0 0 0 1 -2 1 0 0 0
0 0 0 0 0 0 1 -1 0 1 1
0 0 1 0 0 0 0 0 -1 0 1
0 0 0 0 0 0 0 1 0 -12 -10
1 1 -3 1 -1 0 0 1 1 -10 0

# 494
9 -1 1 9 0 11 -12 1 U
-2 1 0 0 0 0 0 0 1 0 0
1 -1 1 0 0 0 0 0 0 0 1
0 1 -5 1 0 0 0 0 0 0 -3
0 0 1 -1 1 0 0 0 0 0 1
0 0 0 1 -3 1 0 0 0 0 -1
0 0 0 0 1 -2 1 0 0 0 0
0 0 0 0 0 1 -2 1 0 0 0
0 0 0 0 0 0 1 -1 0 1 1
1 0 0 0 0 0 0 0 -2 0 0
0 0 0 0 0 0 0 1 0 -12 -10
0 1 -3 1 -1 0 0 1 0 -10 0

# 495
9 -1 1 9 0 11 -12 1 U
-1 0 1 0 0 0 0 0 1 0 1
0 -1 1 0 0 0 0 0 0 0 1
1 1 -5 1 0 0 0 0 0 0 -3
0 0 1 -1 1 0 0 0 0 0 1
0 0 0 1 -3 1 0 0 0 0 -1
0 0 0 0 1 -2 1 0 0 0 0
0 0 0 0 0 1 -2 1 0 0 0
0 0 0 0 0 0 1 -1 0 1 1
1 0 0 0 0 0 0 0 -2 0 0
0 0 0 0 0 0 0 1 0 -12 -10
1 1 -3 1 -1 0 0 1 0 -10 0

# 496
9 -1 1 9 0 11 -12 1 U
-4 0 0 1 0 0 0 0 1 0 -2
0 -1 1 0 0 0 0 0 0 0 1
0 1 -3 1 0 0 0 0 0 0 -1
1 0 1 -1 0 0 0 0 0 0 1
0 0 0 0 -1 1 0 0 0 1 1
0 0 0 0 1 -2 1 0 0 0 0
0 0 0 0 0 1 -2 1 0 0 0
0 0 0 0 0 0 1 -3 1 0 -1
1 0 0 0 0 0 0 1 -1 0 1
0 0 0 0 1 0 0 0 0 -12 -10
-2 1 -1 1 1 0 0 -1 1 -10 0

# 497
9 -1 1 9 0 11 -12 1 U
-2 1 0 0 0 0 0 0 1 0 0
1 -2 1 0 0 0 0 0 0 0 0
0 1 -3 1 0 0 0 0 0 0 -1
0 0 1 -1 1 0 0 0 0 0 1
0 0 0 1 -3 1 0 0 0 0 -1
0 0 0 0 1 -2 1 0 0 0 0
0 0 0 0 0 1 -2 1 0 0 0
0 0 0 0 0 0 1 -1 0 1 1
1 0 0 0 0 0 0 0 -1 0 1
0 0 0 0 0 0 0 1 0 -12 -10
0 0 -1 1 -1 0 0 1 1 -10 0

# 498
10 1 1 10 0 12 -5 1 U
-7 0 0 0 1 0 0 0 0 1 0 -5
0 -2 1 0 0 0 0 0 0 0 0 0
0 1 -2 1 0 0 0 0 0 0 0 0
0 0 1 -2 1 0 0 0 0 0 0 0
1 0 0 1 -1 0 0 0 0 0 0 1
0 0 0 0 0 -1 1 0 0 0 1 1
0 0 0 0 0 1 -2 1 0 0 0 0
0 0 0 0 0 0 1 -3 1 0 0 -1
0 0 0 0 0 0 0 1 -2 1 0 0
1 0 0 0 0 0 0 0 1 -1 0 1
0 0 0 0 0 1 0 0 0 0 -5 -3
-5 0 0 0 1 1 0 -1 0 1 -3 -1

# 499
10 1 1 10 0 12 -5 1 U
-4 1 0 0 0 0 1 0 0 0 0 -2
1 -1 1 0 0 0 0 0 0 0 0 1
0 1 -3 1 0 0 0 0 0 0 0 -1
0 0 1 -1 1 0 0 0 0 0 0 1
0 0 0 1 -6 0 0 0 0 1 0 -4
0 0 0 0 0 -3 1 0 0 0 0 -1
1 0 0 0 0 1 -1 0 0 0 0 1
0 0 0 0 0 0 0 -1 1 0 1 1
0 0 0 0 0 0 0 1 -3 1 0 -1
0 0 0 0 1 0 0 0 1 -1 0 1
0 0 0 0 0 0 0 1 0 0 -5 -3
-2 1 -1 1 -4 -1 1 1 -1 1 -3 -1

# 500
10 1 1 10 0 12 -5 1 U
-7 0 0 0 1 0 0 0 0 1 0 -5
0 -1 1 0 0 0 0 0 0 0 1 1
0 1 -3 1 0 0 0 0 0 0 0 -1
0 0 1 -2 1 0 0 0 0 0 0 0
1 0 0 1 -1 0 0 0 0 0 0 1
0 0 0 0 0 -2 0 1 0 0 0 0
0 0 0 0 0 0 -1 1 0 0 0 1
0 0 0 0 0 1 1 -3 1 0 0 -1
0 0 0 0 0 0 0 1 -2 1 0 0
1 0 0 0 0 0 0 0 1 -1 0 1
0 1 0 0 0 0 0 0 0 0 -5 -3
-5 1 -1 0 1 0 1 -1 0 1 -3 -1

# 501
10 1 1 10 0 12 -5 1 U
-7 0 0 0 1 0 0 0 0 1 0 -5
0 -1 1 0 0 0 0 0 0 0 1 1
0 1 -3 1 0 0 0 0 0 0 0 -1
0 0 1 -2 1 0 0 0 0 0 0 0
1 0 0 1 -1 0 0 0 0 0 0 1
0 0 0 0 0 -3 1 0 0 0 0 -1
0 0 0 0 0 1 -1 1 0 0 0 1
0 0 0 0 0 0 1 -3 1 0 0 -1
0 0 0 0 0 0 0 1 -2 1 0 0
1 0 0 0 0 0 0 0 1 -1 0 1
0 1 0 0 0 0 0 0 0 0 -5 -3
-5 1 -1 0 1 -1 1 -1 0 1 -3 -1

# 502
10 1 1 10 0 12 -5 1 U
-3 1 0 0 0 0 0 0 0 1 0 -1
1 -2 1 0 0 0 0 0 0 0 0 0
0 1 -1 1 0 0 0 0 0 0 0 1
0 0 1 -5 1 0 0 0 0 0 0 -3
0 0 0 1 -1 1 0 0 0 0 0 1
0 0 0 0 1 -3 1 0 0 0 0 -1
0 0 0 0 0 1 -2 1 0 0 0 0
0 0 0 0 0 0 1 -2 1 0 0 0
0 0 0 0 0 0 0 1 -1 0 0 1
1 0 0 0 0 0 0 0 0 -1 1 1
0 0 0 0 0 0 0 0 0 1 -5 -3
-1 0 1 -3 1 -1 0 0 1 1 -3 -1

# 503
10 1 1 10 0 12 -5 1 U
-7 0 0 0 1 0 0 0 0 1 0 -5
0 -1 1 0 0 0 0 0 0 0 0 1
0 1 -3 1 0 0 0 0 0 0 0 -1
0 0 1 -2 1 0 0 0 0 0 0 0
1 0 0 1 -1 0 0 0 0 0 0 1
0 0 0 0 0 -1 1 0 0 0 1 1
0 0 0 0 0 1 -3 1 0 0 0 -1
0 0 0 0 0 0 1 -2 1 0 0 0
0 0 0 0 0 0 0 1 -2 1 0 0
1 0 0 0 0 0 0 0 1 -1 0 1
0 0 0 0 0 1 0 0 0 0 -5 -3
-5 1 -1 0 1 1 -1 0 0 1 -3 -1

# 504
10 1 1 10 0 12 -5 1 U
-8 0 0 0 0 1 0 0 0 1 0 -6
0 -2 1 0 0 0 0 0 0 0 0 0
0 1 -2 1 0 0 0 0 0 0 0 0
0 0 1 -2 1 0 0 0 0 0 0 0
0 0 0 1 -2 1 0 0 0 0 0 0
1 0 0 0 1 -1 0 0 0 0 0 1
0 0 0 0 0 0 -1 1 0 0 1 1
0 0 0 0 0 0 1 -3 1 0 0 -1
0 0 0 0 0 0 0 1 -2 1 0 0
1 0 0 0 0 0 0 0 1 -1 0 1
0 0 0 0 0 0 1 0 0 0 -5 -3
-6 0 0 0 0 1 1 -1 0 1 -3 -1

# 505
10 1 1 10 0 12 -5 1 U
-8 0 0 0 1 0 0 0 0 1 0 -6
0 -2 1 0 0 0 0 0 0 0 0 0
0 1 -2 1 0 0 0 0 0 0 0 0
0 0 1 -2 1 0 0 0 0 0 0 0
1 0 0 1 -1 0 0 0 0 0 0 1
0 0 0 0 0 -1 1 0 0 0 1 1
0 0 0 0 0 1 -3 1 0 0 0 -1
0 0 0 0 0 0 1 -2 1 0 0 0
0 0 0 0 0 0 0 1 -2 1 0 0
1 0 0 0 0 0 0 0 1 -1 0 1
0 0 0 0 0 1 0 0 0 0 -5 -3
-6 0 0 0 1 1 -1 0 0 1 -3 -1

# 506
10 1 1 10 0 12 -5 1 U
-7 0 0 0 1 0 0 0 0 1 0 -5
0 -1 1 0 0 0 0 0 0 0 1 1
0 1 -3 1 0 0 0 0 0 0 0 -1
0 0 1 -2 1 0 0 0 0 0 0 0
1 0 0 1 -1 0 0 0 0 0 0 1
0 0 0 0 0 -1 1 0 0 0 0 1
0 0 0 0 0 1 -3 1 0 0 0 -1
0 0 0 0 0 0 1 -2 1 0 0 0
0 0 0 0 0 0 0 1 -2 1 0 0
1 0 0 0 0 0 0 0 1 -1 0 1
0 1 0 0 0 0 0 0 0 0 -5 -3
-5 1 -1 0 1 1 -1 0 0 1 -3 -1

# 507
10 1 1 10 0 12 -5 1 U
-3 1 0 0 0 0 0 0 0 1 0 -1
1 -2 1 0 0 0 0 0 0 0 0 0
0 1 -1 1 0 0 0 0 0 0 0 1
0 0 1 -5 1 0 0 0 0 0 0 -3
0 0 0 1 -1 1 0 0 0 0 0 1
0 0 0 0 1 -3 1 0 0 0 0 -1
0 0 0 0 0 1 -2 1 0 0 0 0
0 0 0 0 0 0 1 -2 1 0 0 0
0 0 0 0 0 0 0 1 -1 0 1 1
1 0 0 0 0 0 0 0 0 -1 0 1
0 0 0 0 0 0 0 0 1 0 -5 -3
-1 0 1 -3 1 -1 0 0 1 1 -3 -1

# 508
10 1 1 10 0 12 -5 1 U
-4 0 0 0 0 0 0 0 1 0 0 -2
0 -2 1 0 0 0 0 0 0 1 0 0
0 1 -3 1 0 0 0 0 0 0 0 -1
0 0 1 -1 1 0 0 0 0 0 0 1
0 0 0 1 -5 1 0 0 0 0 0 -3
0 0 0 0 1 -1 1 0 0 0 0 1
0 0 0 0 0 1 -3 1 0 0 0 -1
0 0 0 0 0 0 1 -2 1 0 0 0
1 0 0 0 0 0 0 1 -1 0 0 1
0 1 0 0 0 0 0 0 0 -1 1 1
0 0 0 0 0 0 0 0 0 1 -5 -3
-2 0 -1 1 -3 1 -1 0 1 1 -3 -1

# 509
10 1 1 10 0 12 -5 1 U
-7 1 0 0 0 1 0 0 0 1 0 -5
1 -1 0 0 0 0 0 0 0 0 0 1
0 0 -1 1 0 0 0 0 0 0 1 1
0 0 1 -3 1 0 0 0 0 0 0 -1
0 0 0 1 -2 1 0 0 0 0 0 0
1 0 0 0 1 -1 0 0 0 0 0 1
0 0 0 0 0 0 -1 1 0 0 0 1
0 0 0 0 0 0 1 -3 1 0 0 -1
0 0 0 0 0 0 0 1 -2 1 0 0
1 0 0 0 0 0 0 0 1 -1 0 1
0 0 1 0 0 0 0 0 0 0 -5 -3
-5 1 1 -1 0 1 1 -1 0 1 -3 -1

# 510
10 1 1 10 0 12 -5 1 U
-7 1 0 0 1 0 0 0 0 1 0 -5
1 -1 0 0 0 0 0 0 0 0 0 1
0 0 -2 1 0 0 0 0 0 0 0 0
0 0 1 -2 1 0 0 0 0 0 0 0
1 0 0 1 -1 0 0 0 0 0 0 1
0 0 0 0 0 -1 1 0 0 0 1 1
0 0 0 0 0 1 -2 1 0 0 0 0
0 0 0 0 0 0 1 -3 1 0 0 -1
0 0 0 0 0 0 0 1 -2 1 0 0
1 0 0 0 0 0 0 0 1 -1 0 1
0 0 0 0 0 1 0 0 0 0 -5 -3
-5 1 0 0 1 1 0 -1 0 1 -3 -1

# 511
10 1 1 10 0 12 -5 1 U
-2 1 0 0 0 0 0 0 0 1 0 0
1 -3 1 0 0 0 0 0 0 0 0 -1
0 1 -2 1 0 0 0 0 0 0 0 0
0 0 1 -1 1 0 0 0 0 0 0 1
0 0 0 1 -5 1 0 0 0 0 0 -3
0 0 0 0 1 -1 1 0 0 0 0 1
0 0 0 0 0 1 -3 1 0 0 0 -1
0 0 0 0 0 0 1 -2 1 0 0 0
0 0 0 0 0 0 0 1 -1 0 1 1
1 0 0 0 0 0 0 0 0 -1 0 1
0 0 0 0 0 0 0 0 1 0 -5 -3
0 -1 0 1 -3 1 -1 0 1 1 -3 -1

# 512
10 1 1 10 0 12 -5 1 U
-2 1 0 0 0 0 0 0 0 1 0 0
1 -3 1 0 0 0 0 0 0 0 0 -1
0 1 -2 1 0 0 0 0 0 0 0 0
0 0 1 -1 1 0 0 0 0 0 0 1
0 0 0 1 -5 1 0 0 0 0 0 -3
0 0 0 0 1 -1 1 0 0 0 0 1
0 0 0 0 0 1 -3 1 0 0 0 -1
0 0 0 0 0 0 1 -2 1 0 0 0
0 0 0 0 0 0 0 1 -1 0 0 1
1 0 0 0 0 0 0 0 0 -1 1 1
0 0 0 0 0 0 0 0 0 1 -5 -3
0 -1 0 1 -3 1 -1 0 1 1 -3 -1

# 513
10 1 1 10 0 12 -5 1 U
-6 1 0 0 1 0 0 0 0 1 0 -4
1 -1 0 0 0 0 0 0 0 0 0 1
0 0 -1 1 0 0 0 0 0 0 0 1
0 0 1 -3 1 0 0 0 0 0 0 -1
1 0 0 1 -1 0 0 0 0 0 0 1
0 0 0 0 0 -1 1 0 0 0 1 1
0 0 0 0 0 1 -2 1 0 0 0 0
0 0 0 0 0 0 1 -3 1 0 0 -1
0 0 0 0 0 0 0 1 -2 1 0 0
1 0 0 0 0 0 0 0 1 -1 0 1
0 0 0 0 0 1 0 0 0 0 -5 -3
-4 1 1 -1 1 1 0 -1 0 1 -3 -1

# 514
10 1 1 10 0 12 -5 1 U
-6 1 0 0 1 0 0 0 0 1 0 -4
1 -1 0 0 0 0 0 0 0 0 0 1
0 0 -1 1 0 0 0 0 0 0 1 1
0 0 1 -3 1 0 0 0 0 0 0 -1
1 0 0 1 -1 0 0 0 0 0 0 1
0 0 0 0 0 -1 1 0 0 0 0 1
0 0 0 0 0 1 -2 1 0 0 0 0
0 0 0 0 0 0 1 -3 1 0 0 -1
0 0 0 0 0 0 0 1 -2 1 0 0
1 0 0 0 0 0 0 0 1 -1 0 1
0 0 1 0 0 0 0 0 0 0 -5 -3
-4 1 1 -1 1 1 0 -1 0 1 -3 -1

# 515
10 1 1 10 0 12 -5 1 U
-1 1 0 0 0 0 0 0 0 0 1 1
1 -2 1 0 0 0 0 0 0 0 0 0
0 1 -2 1 0 0 0 0 0 0 0 0
0 0 1 -2 1 0 0 0 0 0 0 0
0 0 0 1 -2 1 0 0 0 0 0 0
0 0 0 0 1 -2 1 0 0 0 0 0
0 0 0 0 0 1 -2 1 0 0 0 0
0 0 0 0 0 0 1 -2 1 0 0 0
0 0 0 0 0 0 0 1 -2 1 0 0
0 0 0 0 0 0 0 0 1 -1 0 1
1 0 0 0 0 0 0 0 0 0 -5 -3
1 0 0 0 0 0 0 0 0 1 -3 -1

# 516
10 1 1 10 0 12 -5 1 U
-6 0 0 0 0 1 0 0 0 1 0 -4
0 -1 1 0 0 0 0 0 0 0 1 1
0 1 -2 1 0 0 0 0 0 0 0 0
0 0 1 -3 1 0 0 0 0 0 0 -1
0 0 0 1 -2 1 0 0 0 0 0 0
1 0 0 0 1 -1 0 0 0 0 0 1
0 0 0 0 0 0 -3 1 0 0 0 -1
0 0 0 0 0 0 1 -1 1 0 0 1
0 0 0 0 0 0 0 1 -3 1 0 -1
1 0 0 0 0 0 0 0 1 -1 0 1
0 1 0 0 0 0 0 0 0 0 -5 -3
-4 1 0 -1 0 1 -1 1 -1 1 -3 -1

# 517
10 1 1 10 0 12 -5 1 U
-7 0 1 0 1 0 0 0 0 1 0 -5
0 -2 1 0 0 0 0 0 0 0 0 0
1 1 -1 0 0 0 0 0 0 0 0 1
0 0 0 -2 1 0 0 0 0 0 0 0
1 0 0 1 -1 0 0 0 0 0 0 1
0 0 0 0 0 -1 1 0 0 0 1 1
0 0 0 0 0 1 -2 1 0 0 0 0
0 0 0 0 0 0 1 -3 1 0 0 -1
0 0 0 0 0 0 0 1 -2 1 0 0
1 0 0 0 0 0 0 0 1 -1 0 1
0 0 0 0 0 1 0 0 0 0 -5 -3
-5 0 1 0 1 1 0 -1 0 1 -3 -1

# 518
10 1 1 10 0 12 -5 1 U
-8 1 0 0 0 1 0 0 0 1 0 -6
1 -1 0 0 0 0 0 0 0 0 0 1
0 0 -2 1 0 0 0 0 0 0 0 0
0 0 1 -2 1 0 0 0 0 0 0 0
0 0 0 1 -2 1 0 0 0 0 0 0
1 0 0 0 1 -1 0 0 0 0 0 1
0 0 0 0 0 0 -1 1 0 0 1 1
0 0 0 0 0 0 1 -3 1 0 0 -1
0 0 0 0 0 0 0 1 -2 1 0 0
1 0 0 0 0 0 0 0 1 -1 0 1
0 0 0 0 0 0 1 0 0 0 -5 -3
-6 1 0 0 0 1 1 -1 0 1 -3 -1

# 519
10 1 1 10 0 12 -5 1 U
-8 1 0 0 1 0 0 0 0 1 0 -6
1 -1 0 0 0 0 0 0 0 0 0 1
0 0 -2 1 0 0 0 0 0 0 0 0
0 0 1 -2 1 0 0 0 0 0 0 0
1 0 0 1 -1 0 0 0 0 0 0 1
0 0 0 0 0 -1 1 0 0 0 1 1
0 0 0 0 0 1 -3 1 0 0 0 -1
0 0 0 0 0 0 1 -2 1 0 0 0
0 0 0 0 0 0 0 1 -2 1 0 0
1 0 0 0 0 0 0 0 1 -1 0 1
0 0 0 0 0 1 0 0 0 0 -5 -3
-6 1 0 0 1 1 -1 0 0 1 -3 -1

# 520
10 1 1 10 0 12 -5 1 U
-4 1 0 1 1 0 0 0 0 0 0 -2
1 -1 1 0 0 0 0 0 0 0 0 1
0 1 -4 0 0 0 0 0 0 1 0 -2
1 0 0 -1 0 0 0 0 0 0 0 1
1 0 0 0 -1 0 0 0 0 0 0 1
0 0 0 0 0 -1 1 0 0 0 1 1
0 0 0 0 0 1 -2 1 0 0 0 0
0 0 0 0 0 0 1 -2 1 0 0 0
0 0 0 0 0 0 0 1 -3 1 0 -1
0 0 1 0 0 0 0 0 1 -1 0 1
0 0 0 0 0 1 0 0 0 0 -5 -3
-2 1 -2 1 1 1 0 0 -1 1 -3 -1

# 521
10 1 1 10 0 12 -5 1 U
-8 0 1 0 0 1 0 0 0 1 0 -6
0 -2 1 0 0 0 0 0 0 0 0 0
1 1 -1 0 0 0 0 0 0 0 0 1
0 0 0 -2 1 0 0 0 0 0 0 0
0 0 0 1 -2 1 0 0 0 0 0 0
1 0 0 0 1 -1 0 0 0 0 0 1
0 0 0 0 0 0 -1 1 0 0 1 1
0 0 0 0 0 0 1 -3 1 0 0 -1
0 0 0 0 0 0 0 1 -2 1 0 0
1 0 0 0 0 0 0 0 1 -1 0 1
0 0 0 0 0 0 1 0 0 0 -5 -3
-6 0 1 0 0 1 1 -1 0 1 -3 -1

# 522
10 1 1 10 0 12 -5 1 U
-1 1 0 0 0 0 0 0 0 1 0 1
1 -3 1 0 0 0 0 0 0 0 0 -1
0 1 -1 1 0 0 0 0 0 0 0 1
0 0 1 -5 1 0 0 0 0 0 0 -3
0 0 0 1 -1 1 0 0 0 0 0 1
0 0 0 0 1 -3 1 0 0 0 0 -1
0 0 0 0 0 1 -2 1 0 0 0 0
0 0 0 0 0 0 1 -2 1 0 0 0
0 0 0 0 0 0 0 1 -1 0 1 1
1 0 0 0 0 0 0 0 0 -3 0 -1
0 0 0 0 0 0 0 0 1 0 -5 -3
1 -1 1 -3 1 -1 0 0 1 -1 -3 -1

# 523
10 1 1 10 0 12 -5 1 U
-6 0 0 0 1 0 0 0 0 1 0 -4
0 -1 1 0 0 0 0 0 0 0 0 1
0 1 -3 1 0 0 0 0 0 0 0 -1
0 0 1 -2 1 0 0 0 0 0 0 0
1 0 0 1 -1 0 0 0 0 0 0 1
0 0 0 0 0 -1 1 0 0 0 1 1
0 0 0 0 0 1 -2 1 0 0 0 0
0 0 0 0 0 0 1 -3 1 0 0 -1
0 0 0 0 0 0 0 1 -2 1 0 0
1 0 0 0 0 0 0 0 1 -1 0 1
0 0 0 0 0 1 0 0 0 0 -5 -3
-4 1 -1 0 1 1 0 -1 0 1 -3 -1

# 524
10 1 1 10 0 12 -5 1 U
-8 1 0 1 0 0 0 1 0 1 0 -6
1 -1 0 0 0 0 0 0 0 0 0 1
0 0 -2 1 0 0 0 0 0 0 0 0
1 0 1 -1 0 0 0 0 0 0 0 1
0 0 0 0 -1 1 0 0 0 0 1 1
0 0 0 0 1 -3 1 0 0 0 0 -1
0 0 0 0 0 1 -2 1 0 0 0 0
1 0 0 0 0 0 1 -1 0 0 0 1
0 0 0 0 0 0 0 0 -2 1 0 0
1 0 0 0 0 0 0 0 1 -1 0 1
0 0 0 0 1 0 0 0 0 0 -5 -3
-6 1 0 1 1 -1 0 1 0 1 -3 -1

# 525
10 1 1 10 0 12 -5 1 U
-6 1 0 0 0 1 0 0 1 0 0 -4
1 -1 1 0 0 0 0 0 0 0 0 1
0 1 -3 1 0 0 0 0 0 0 0 -1
0 0 1 -1 1 0 0 0 0 0 0 1
0 0 0 1 -4 0 0 0 0 1 0 -2
1 0 0 0 0 -1 0 0 0 0 0 1
0 0 0 0 0 0 -1 1 0 0 1 1
0 0 0 0 0 0 1 -3 1 0 0 -1
1 0 0 0 0 0 0 1 -1 0 0 1
0 0 0 0 1 0 0 0 0 -1 0 1
0 0 0 0 0 0 1 0 0 0 -5 -3
-4 1 -1 1 -2 1 1 -1 1 1 -3 -1

# 526
10 1 1 10 0 12 -5 1 U
-8 1 1 0 0 0 0 1 0 1 0 -6
1 -1 0 0 0 0 0 0 0 0 0 1
1 0 -1 0 0 0 0 0 0 0 0 1
0 0 0 -1 1 0 0 0 0 0 1 1
0 0 0 1 -3 1 0 0 0 0 0 -1
0 0 0 0 1 -2 1 0 0 0 0 0
0 0 0 0 0 1 -2 1 0 0 0 0
1 0 0 0 0 0 1 -1 0 0 0 1
0 0 0 0 0 0 0 0 -2 1 0 0
1 0 0 0 0 0 0 0 1 -1 0 1
0 0 0 1 0 0 0 0 0 0 -5 -3
-6 1 1 1 -1 0 0 1 0 1 -3 -1

# 527
10 1 1 10 0 12 -5 1 U
-8 1 1 0 0 0 1 0 0 1 0 -6
1 -1 0 0 0 0 0 0 0 0 0 1
1 0 -1 0 0 0 0 0 0 0 0 1
0 0 0 -1 1 0 0 0 0 0 1 1
0 0 0 1 -3 1 0 0 0 0 0 -1
0 0 0 0 1 -2 1 0 0 0 0 0
1 0 0 0 0 1 -1 0 0 0 0 1
0 0 0 0 0 0 0 -2 1 0 0 0
0 0 0 0 0 0 0 1 -2 1 0 0
1 0 0 0 0 0 0 0 1 -1 0 1
0 0 0 1 0 0 0 0 0 0 -5 -3
-6 1 1 1 -1 0 1 0 0 1 -3 -1

# 528
10 1 1 10 0 12 -5 1 U
-7 1 1 0 0 0 0 1 0 1 0 -5
1 -1 0 0 0 0 0 0 0 0 0 1
1 0 -1 0 0 0 0 0 0 0 0 1
0 0 0 -1 1 0 0 0 0 0 1 1
0 0 0 1 -2 1 0 0 0 0 0 0
0 0 0 0 1 -3 1 0 0 0 0 -1
0 0 0 0 0 1 -2 1 0 0 0 0
1 0 0 0 0 0 1 -1 0 0 0 1
0 0 0 0 0 0 0 0 -2 1 0 0
1 0 0 0 0 0 0 0 1 -1 0 1
0 0 0 1 0 0 0 0 0 0 -5 -3
-5 1 1 1 0 -1 0 1 0 1 -3 -1

# 529
10 1 1 10 0 12 -5 1 U
-6 0 0 0 1 0 0 0 0 1 0 -4
0 -1 1 0 0 0 0 0 0 0 1 1
0 1 -3 1 0 0 0 0 0 0 0 -1
0 0 1 -2 1 0 0 0 0 0 0 0
1 0 0 1 -1 0 0 0 0 0 0 1
0 0 0 0 0 -1 1 0 0 0 0 1
0 0 0 0 0 1 -2 1 0 0 0 0
0 0 0 0 0 0 1 -3 1 0 0 -1
0 0 0 0 0 0 0 1 -2 1 0 0
1 0 0 0 0 0 0 0 1 -1 0 1
0 1 0 0 0 0 0 0 0 0 -5 -3
-4 1 -1 0 1 1 0 -1 0 1 -3 -1

# 530
10 1 1 10 0 12 -5 1 U
-8 0 1 0 1 0 0 0 0 1 0 -6
0 -2 1 0 0 0 0 0 0 0 0 0
1 1 -1 0 0 0 0 0 0 0 0 1
0 0 0 -2 1 0 0 0 0 0 0 0
1 0 0 1 -1 0 0 0 0 0 0 1
0 0 0 0 0 -1 1 0 0 0 1 1
0 0 0 0 0 1 -3 1 0 0 0 -1
0 0 0 0 0 0 1 -2 1 0 0 0
0 0 0 0 0 0 0 1 -2 1 0 0
1 0 0 0 0 0 0 0 1 -1 0 1
0 0 0 0 0 1 0 0 0 0 -5 -3
-6 0 1 0 1 1 -1 0 0 1 -3 -1

# 531
10 1 1 10 0 12 -5 1 U
-5 1 0 0 0 0 0 0 0 1 0 -3
1 -1 1 0 0 0 0 0 0 0 0 1
0 1 -2 1 0 0 0 0 0 0 0 0
0 0 1 -3 1 0 0 0 0 0 0 -1
0 0 0 1 -1 1 0 0 0 0 0 1
0 0 0 0 1 -5 1 0 0 0 0 -3
0 0 0 0 0 1 -1 1 0 0 0 1
0 0 0 0 0 0 1 -3 1 0 0 -1
0 0 0 0 0 0 0 1 -1 0 1 1
1 0 0 0 0 0 0 0 0 -1 0 1
0 0 0 0 0 0 0 0 1 0 -5 -3
-3 1 0 -1 1 -3 1 -1 1 1 -3 -1

# 532
10 1 1 10 0 12 -5 1 U
-1 1 0 0 0 0 0 0 0 0 0 1
1 -5 1 0 0 0 0 0 0 1 0 -3
0 1 -1 1 0 0 0 0 0 0 0 1
0 0 1 -3 1 0 0 0 0 0 0 -1
0 0 0 1 -1 1 0 0 0 0 0 1
0 0 0 0 1 -5 1 0 0 0 0 -3
0 0 0 0 0 1 -1 1 0 0 0 1
0 0 0 0 0 0 1 -3 1 0 0 -1
0 0 0 0 0 0 0 1 -1 0 1 1
0 1 0 0 0 0 0 0 0 -1 0 1
0 0 0 0 0 0 0 0 1 0 -5 -3
1 -3 1 -1 1 -3 1 -1 1 1 -3 -1

# 533
10 1 1 10 0 12 -5 1 U
-4 1 0 0 0 1 0 0 0 0 0 -2
1 -1 1 0 0 0 0 0 0 0 0 1
0 1 -4 0 0 0 0 0 0 1 0 -2
0 0 0 -1 1 0 0 0 0 0 1 1
0 0 0 1 -3 1 0 0 0 0 0 -1
1 0 0 0 1 -1 0 0 0 0 0 1
0 0 0 0 0 0 -1 1 0 0 0 1
0 0 0 0 0 0 1 -2 1 0 0 0
0 0 0 0 0 0 0 1 -3 1 0 -1
0 0 1 0 0 0 0 0 1 -1 0 1
0 0 0 1 0 0 0 0 0 0 -5 -3
-2 1 -2 1 -1 1 1 0 -1 1 -3 -1

# 534
10 1 1 10 0 12 -5 1 U
-4 1 0 0 0 1 0 0 0 0 0 -2
1 -1 1 0 0 0 0 0 0 0 0 1
0 1 -4 0 0 0 0 0 0 1 0 -2
0 0 0 -1 1 0 0 0 0 0 0 1
0 0 0 1 -3 1 0 0 0 0 0 -1
1 0 0 0 1 -1 0 0 0 0 0 1
0 0 0 0 0 0 -1 1 0 0 1 1
0 0 0 0 0 0 1 -2 1 0 0 0
0 0 0 0 0 0 0 1 -3 1 0 -1
0 0 1 0 0 0 0 0 1 -1 0 1
0 0 0 0 0 0 1 0 0 0 -5 -3
-2 1 -2 1 -1 1 1 0 -1 1 -3 -1

# 535
10 1 1 10 0 12 -5 1 U
-1 1 0 0 0 0 0 0 0 1 0 1
1 -5 1 0 0 0 0 0 0 0 0 -3
0 1 -1 1 0 0 0 0 0 0 0 1
0 0 1 -3 1 0 0 0 0 0 0 -1
0 0 0 1 -1 1 0 0 0 0 0 1
0 0 0 0 1 -5 1 0 0 0 0 -3
0 0 0 0 0 1 -1 1 0 0 0 1
0 0 0 0 0 0 1 -3 1 0 0 -1
0 0 0 0 0 0 0 1 -1 0 1 1
1 0 0 0 0 0 0 0 0 -2 0 0
0 0 0 0 0 0 0 0 1 0 -5 -3
1 -3 1 -1 1 -3 1 -1 1 0 -3 -1

# 536
10 1 1 10 0 12 -5 1 U
-4 1 0 0 0 0 0 0 0 1 0 -2
1 -1 0 0 0 0 0 0 0 0 0 1
0 0 -1 1 0 0 0 0 0 0 1 1
0 0 1 -2 1 0 0 0 0 0 0 0
0 0 0 1 -3 1 0 0 0 0 0 -1
0 0 0 0 1 -1 1 0 0 0 0 1
0 0 0 0 0 1 -5 1 0 0 0 -3
0 0 0 0 0 0 1 -1 1 0 0 1
0 0 0 0 0 0 0 1 -3 1 0 -1
1 0 0 0 0 0 0 0 1 -1 0 1
0 0 1 0 0 0 0 0 0 0 -5 -3
-2 1 1 0 -1 1 -3 1 -1 1 -3 -1

# 537
10 1 1 10 0 12 -5 1 U
-1 1 0 0 0 0 0 0 0 0 0 1
1 -3 1 0 0 0 0 0 0 1 0 -1
0 1 -1 1 0 0 0 0 0 0 0 1
0 0 1 -5 1 0 0 0 0 0 0 -3
0 0 0 1 -1 1 0 0 0 0 0 1
0 0 0 0 1 -3 1 0 0 0 0 -1
0 0 0 0 0 1 -2 1 0 0 0 0
0 0 0 0 0 0 1 -2 1 0 0 0
0 0 0 0 0 0 0 1 -1 0 1 1
0 1 0 0 0 0 0 0 0 -2 0 0
0 0 0 0 0 0 0 0 1 0 -5 -3
1 -1 1 -3 1 -1 0 0 1 0 -3 -1

# 538
10 1 1 10 0 12 -5 1 U
-1 1 0 0 0 0 0 0 0 0 1 1
1 -3 1 0 0 0 0 0 0 0 0 -1
0 1 -1 1 0 0 0 0 0 0 0 1
0 0 1 -5 1 0 0 0 0 1 0 -3
0 0 0 1 -1 1 0 0 0 0 0 1
0 0 0 0 1 -3 1 0 0 0 0 -1
0 0 0 0 0 1 -2 1 0 0 0 0
0 0 0 0 0 0 1 -2 1 0 0 0
0 0 0 0 0 0 0 1 -1 0 0 1
0 0 0 1 0 0 0 0 0 -1 0 1
1 0 0 0 0 0 0 0 0 0 -5 -3
1 -1 1 -3 1 -1 0 0 1 1 -3 -1

# 539
10 1 1 10 0 12 -5 1 U
-4 1 0 0 0 0 1 0 0 0 0 -2
1 -1 1 0 0 0 0 0 0 0 0 1
0 1 -4 1 0 0 0 0 0 0 0 -2
0 0 1 -1 1 0 0 0 0 0 0 1
0 0 0 1 -4 0 0 0 0 1 0 -2
0 0 0 0 0 -2 1 0 0 0 0 0
1 0 0 0 0 1 -1 0 0 0 0 1
0 0 0 0 0 0 0 -1 1 0 1 1
0 0 0 0 0 0 0 1 -3 1 0 -1
0 0 0 0 1 0 0 0 1 -1 0 1
0 0 0 0 0 0 0 1 0 0 -5 -3
-2 1 -2 1 -2 0 1 1 -1 1 -3 -1

# 540
10 1 1 10 0 12 -5 1 U
-4 1 0 0 0 1 1 0 0 0 0 -2
1 -1 1 0 0 0 0 0 0 0 0 1
0 1 -4 1 0 0 0 0 0 0 0 -2
0 0 1 -1 1 0 0 0 0 0 0 1
0 0 0 1 -4 0 0 0 0 1 0 -2
1 0 0 0 0 -1 0 0 0 0 0 1
1 0 0 0 0 0 -1 0 0 0 0 1
0 0 0 0 0 0 0 -1 1 0 1 1
0 0 0 0 0 0 0 1 -3 1 0 -1
0 0 0 0 1 0 0 0 1 -1 0 1
0 0 0 0 0 0 0 1 0 0 -5 -3
-2 1 -2 1 -2 1 1 1 -1 1 -3 -1

# 541
10 1 1 10 0 12 -5 1 U
-6 1 0 0 0 0 0 0 0 1 0 -4
1 -1 1 0 0 0 0 0 0 0 0 1
0 1 -2 1 0 0 0 0 0 0 0 0
0 0 1 -3 1 0 0 0 0 0 0 -1
0 0 0 1 -2 1 0 0 0 0 0 0
0 0 0 0 1 -1 1 0 0 0 0 1
0 0 0 0 0 1 -4 0 0 0 0 -2
0 0 0 0 0 0 0 -1 1 0 1 1
0 0 0 0 0 0 0 1 -3 1 0 -1
1 0 0 0 0 0 0 0 1 -1 0 1
0 0 0 0 0 0 0 1 0 0 -5 -3
-4 1 0 -1 0 1 -2 1 -1 1 -3 -1

# 542
10 1 1 10 0 12 -5 1 U
-4 1 0 0 0 0 1 0 0 0 0 -2
1 -1 1 0 0 0 0 0 0 0 0 1
0 1 -3 1 0 0 0 0 0 0 0 -1
0 0 1 -2 1 0 0 0 0 0 0 0
0 0 0 1 -1 1 0 0 0 0 0 1
0 0 0 0 1 -6 0 0 0 1 0 -4
1 0 0 0 0 0 -1 0 0 0 0 1
0 0 0 0 0 0 0 -1 1 0 1 1
0 0 0 0 0 0 0 1 -3 1 0 -1
0 0 0 0 0 1 0 0 1 -1 0 1
0 0 0 0 0 0 0 1 0 0 -5 -3
-2 1 -1 0 1 -4 1 1 -1 1 -3 -1

# 543
10 1 1 10 0 12 -5 1 U
-1 1 0 0 0 0 0 0 0 0 1 1
1 -2 1 0 0 0 0 0 0 0 0 0
0 1 -3 1 0 0 0 0 0 0 0 -1
0 0 1 -1 1 0 0 0 0 0 0 1
0 0 0 1 -5 1 0 0 0 1 0 -3
0 0 0 0 1 -1 1 0 0 0 0 1
0 0 0 0 0 1 -3 1 0 0 0 -1
0 0 0 0 0 0 1 -2 1 0 0 0
0 0 0 0 0 0 0 1 -1 0 0 1
0 0 0 0 1 0 0 0 0 -1 0 1
1 0 0 0 0 0 0 0 0 0 -5 -3
1 0 -1 1 -3 1 -1 0 1 1 -3 -1

# 544
10 1 1 10 0 12 -5 1 U
-1 1 0 0 0 0 0 0 0 0 0 1
1 -3 1 0 0 0 0 0 0 0 0 -1
0 1 -1 1 0 0 0 0 0 0 0 1
0 0 1 -5 1 0 0 0 0 1 0 -3
0 0 0 1 -1 1 0 0 0 0 0 1
0 0 0 0 1 -3 1 0 0 0 0 -1
0 0 0 0 0 1 -2 1 0 0 0 0
0 0 0 0 0 0 1 -2 1 0 0 0
0 0 0 0 0 0 0 1 -1 0 1 1
0 0 0 1 0 0 0 0 0 -1 0 1
0 0 0 0 0 0 0 0 1 0 -5 -3
1 -1 1 -3 1 -1 0 0 1 1 -3 -1

# 545
10 1 1 10 0 12 -5 1 U
-1 1 0 0 0 0 0 0 0 0 1 1
1 -3 1 0 0 0 0 0 0 0 0 -1
0 1 -1 1 0 0 0 0 0 0 0 1
0 0 1 -5 1 0 0 0 0 0 0 -3
0 0 0 1 -1 1 0 0 0 0 0 1
0 0 0 0 1 -3 1 0 0 0 0 -1
0 0 0 0 0 1 -2 1 0 0 0 0
0 0 0 0 0 0 1 -2 1 0 0 0
0 0 0 0 0 0 0 1 -1 1 0 1
0 0 0 0 0 0 0 0 1 -5 0 -3
1 0 0 0 0 0 0 0 0 0 -5 -3
1 -1 1 -3 1 -1 0 0 1 -3 -3 -1

# 546
10 1 1 10 0 12 -5 1 U
-4 1 0 0 0 1 0 0 0 0 0 -2
1 -1 1 0 0 0 0 0 0 0 0 1
0 1 -3 1 0 0 0 0 0 0 0 -1
0 0 1 -1 1 0 0 0 0 0 0 1
0 0 0 1 -6 0 0 0 0 1 0 -4
1 0 0 0 0 -1 0 0 0 0 0 1
0 0 0 0 0 0 -1 1 0 0 1 1
0 0 0 0 0 0 1 -3 1 0 0 -1
0 0 0 0 0 0 0 1 -2 1 0 0
0 0 0 0 1 0 0 0 1 -1 0 1
0 0 0 0 0 0 1 0 0 0 -5 -3
-2 1 -1 1 -4 1 1 -1 0 1 -3 -1

# 547
10 1 1 10 0 12 -5 1 U
-4 0 0 0 1 0 0 0 0 1 0 -2
0 -1 1 0 0 0 0 0 0 0 1 1
0 1 -2 1 0 0 0 0 0 0 0 0
0 0 1 -3 1 0 0 0 0 0 0 -1
1 0 0 1 -1 0 0 0 0 0 0 1
0 0 0 0 0 -1 1 0 0 0 0 1
0 0 0 0 0 1 -2 1 0 0 0 0
0 0 0 0 0 0 1 -2 1 0 0 0
0 0 0 0 0 0 0 1 -3 1 0 -1
1 0 0 0 0 0 0 0 1 -1 0 1
0 1 0 0 0 0 0 0 0 0 -5 -3
-2 1 0 -1 1 1 0 0 -1 1 -3 -1

# 548
10 1 1 10 0 12 -5 1 U
-4 0 0 0 1 0 0 0 0 1 0 -2
0 -1 1 0 0 0 0 0 0 0 0 1
0 1 -2 1 0 0 0 0 0 0 0 0
0 0 1 -3 1 0 0 0 0 0 0 -1
1 0 0 1 -1 0 0 0 0 0 0 1
0 0 0 0 0 -1 1 0 0 0 1 1
0 0 0 0 0 1 -2 1 0 0 0 0
0 0 0 0 0 0 1 -2 1 0 0 0
0 0 0 0 0 0 0 1 -3 1 0 -1
1 0 0 0 0 0 0 0 1 -1 0 1
0 0 0 0 0 1 0 0 0 0 -5 -3
-2 1 0 -1 1 1 0 0 -1 1 -3 -1

# 549
10 1 1 10 0 12 -5 1 U
-4 1 0 0 1 0 0 0 0 0 0 -2
1 -1 1 0 0 0 0 0 0 0 0 1
0 1 -4 0 0 0 0 0 0 1 0 -2
0 0 0 -2 1 0 0 0 0 0 0 0
1 0 0 1 -1 0 0 0 0 0 0 1
0 0 0 0 0 -1 1 0 0 0 1 1
0 0 0 0 0 1 -2 1 0 0 0 0
0 0 0 0 0 0 1 -2 1 0 0 0
0 0 0 0 0 0 0 1 -3 1 0 -1
0 0 1 0 0 0 0 0 1 -1 0 1
0 0 0 0 0 1 0 0 0 0 -5 -3
-2 1 -2 0 1 1 0 0 -1 1 -3 -1

# 550
10 1 1 10 0 12 -5 1 U
-6 0 0 1 0 0 1 0 0 1 0 -4
0 -1 1 0 0 0 0 0 0 0 1 1
0 1 -3 1 0 0 0 0 0 0 0 -1
1 0 1 -1 0 0 0 0 0 0 0 1
0 0 0 0 -1 1 0 0 0 0 0 1
0 0 0 0 1 -3 1 0 0 0 0 -1
1 0 0 0 0 1 -1 0 0 0 0 1
0 0 0 0 0 0 0 -1 1 0 0 1
0 0 0 0 0 0 0 1 -3 1 0 -1
1 0 0 0 0 0 0 0 1 -1 0 1
0 1 0 0 0 0 0 0 0 0 -5 -3
-4 1 -1 1 1 -1 1 1 -1 1 -3 -1

# 551
10 4 1 10 0 12 -5 2 N
-6 0 0 1 0 0 1 0 0 1 0 -4
0 -1 1 0 0 0 0 0 0 0 1 1
0 1 -3 1 0 0 0 0 0 0 0 -1
1 0 1 -1 0 0 0 0 0 0 0 1
0 0 0 0 -1 1 0 0 0 0 1 1
0 0 0 0 1 -3 1 0 0 0 0 -1
1 0 0 0 0 1 -1 0 0 0 0 1
0 0 0 0 0 0 0 -1 1 0 0 1
0 0 0 0 0 0 0 1 -3 1 0 -1
1 0 0 0 0 0 0 0 1 -1 0 1
0 1 0 0 1 0 0 0 0 0 -5 -3
-4 1 -1 1 1 -1 1 1 -1 1 -3 -1

# 552
10 4 1 10 0 12 -5 1 N
-2 1 0 0 0 0 0 0 1 1 0 0
1 -2 1 0 0 0 0 0 0 0 0 0
0 1 -2 1 0 0 0 0 0 0 0 0
0 0 1 -2 1 0 0 0 0 0 0 0
0 0 0 1 -2 1 0 0 0 0 0 0
0 0 0 0 1 -2 1 0 0 0 0 0
0 0 0 0 0 1 -2 1 0 0 0 0
0 0 0 0 0 0 1 -1 0 0 1 1
1 0 0 0 0 0 0 0 -2 0 0 0
1 0 0 0 0 0 0 0 0 -2 0 0
0 0 0 0 0 0 0 1 0 0 -5 -3
0 0 0 0 0 0 0 1 0 0 -3 -1

# 553
10 4 1 10 0 12 -5 2 N
-1 1 0 0 0 0 0 0 0 0 1 1
1 -3 1 0 0 0 0 0 0 0 0 -1
0 1 -1 1 0 0 0 0 0 0 0 1
0 0 1 -5 1 0 0 0 0 1 0 -3
0 0 0 1 -1 1 0 0 0 0 0 1
0 0 0 0 1 -3 1 0 0 0 0 -1
0 0 0 0 0 1 -2 1 0 0 0 0
0 0 0 0 0 0 1 -2 1 0 0 0
0 0 0 0 0 0 0 1 -1 0 1 1
0 0 0 1 0 0 0 0 0 -1 0 1
1 0 0 0 0 0 0 0 1 0 -5 -3
1 -1 1 -3 1 -1 0 0 1 1 -3 -1

# 554
10 4 1 10 0 12 -5 2 N
-3 1 0 0 0 0 0 0 0 1 0 -1
1 -2 1 0 0 0 0 0 0 0 0 0
0 1 -1 1 0 0 0 0 0 0 0 1
0 0 1 -5 1 0 0 0 0 0 0 -3
0 0 0 1 -1 1 0 0 0 0 0 1
0 0 0 0 1 -3 1 0 0 0 0 -1
0 0 0 0 0 1 -2 1 0 0 0 0
0 0 0 0 0 0 1 -2 1 0 0 0
0 0 0 0 0 0 0 1 -1 0 1 1
1 0 0 0 0 0 0 0 0 -1 1 1
0 0 0 0 0 0 0 0 1 1 -5 -3
-1 0 1 -3 1 -1 0 0 1 1 -3 -1

# 555
10 4 1 10 0 12 -5 2 N
-4 0 0 0 1 0 0 0 0 1 0 -2
0 -1 1 0 0 0 0 0 0 0 1 1
0 1 -2 1 0 0 0 0 0 0 0 0
0 0 1 -3 1 0 0 0 0 0 0 -1
1 0 0 1 -1 0 0 0 0 0 0 1
0 0 0 0 0 -1 1 0 0 0 1 1
0 0 0 0 0 1 -2 1 0 0 0 0
0 0 0 0 0 0 1 -2 1 0 0 0
0 0 0 0 0 0 0 1 -3 1 0 -1
1 0 0 0 0 0 0 0 1 -1 0 1
0 1 0 0 0 1 0 0 0 0 -5 -3
-2 1 0 -1 1 1 0 0 -1 1 -3 -1

# 556
10 4 1 10 0 12 -5 2 N
-7 1 0 0 0 1 0 0 0 1 0 -5
1 -1 0 0 0 0 0 0 0 0 0 1
0 0 -1 1 0 0 0 0 0 0 1 1
0 0 1 -3 1 0 0 0 0 0 0 -1
0 0 0 1 -2 1 0 0 0 0 0 0
1 0 0 0 1 -1 0 0 0 0 0 1
0 0 0 0 0 0 -1 1 0 0 1 1
0 0 0 0 0 0 1 -3 1 0 0 -1
0 0 0 0 0 0 0 1 -2 1 0 0
1 0 0 0 0 0 0 0 1 -1 0 1
0 0 1 0 0 0 1 0 0 0 -5 -3
-5 1 1 -1 0 1 1 -1 0 1 -3 -1

# 557
10 4 1 10 0 12 -5 1 N
-1 1 0 0 0 0 0 0 0 0 1 1
1 -3 1 0 0 0 0 0 0 1 0 -1
0 1 -1 1 0 0 0 0 0 0 0 1
0 0 1 -5 1 0 0 0 0 0 0 -3
0 0 0 1 -1 1 0 0 0 0 0 1
0 0 0 0 1 -3 1 0 0 0 0 -1
0 0 0 0 0 1 -2 1 0 0 0 0
0 0 0 0 0 0 1 -2 1 0 0 0
0 0 0 0 0 0 0 1 -1 0 0 1
0 1 0 0 0 0 0 0 0 -2 0 0
1 0 0 0 0 0 0 0 0 0 -5 -3
1 -1 1 -3 1 -1 0 0 1 0 -3 -1

# 558
10 4 1 10 0 12 -5 1 N
-4 1 0 0 0 1 0 0 0 0 0 -2
1 -1 1 0 0 0 0 0 0 0 0 1
0 1 -4 0 0 0 0 0 0 1 0 -2
0 0 0 -1 1 0 0 0 0 0 1 1
0 0 0 1 -3 1 0 0 0 0 0 -1
1 0 0 0 1 -1 0 0 0 0 0 1
0 0 0 0 0 0 -2 0 1 0 0 0
0 0 0 0 0 0 0 -2 1 0 0 0
0 0 0 0 0 0 1 1 -3 1 0 -1
0 0 1 0 0 0 0 0 1 -1 0 1
0 0 0 1 0 0 0 0 0 0 -5 -3
-2 1 -2 1 -1 1 0 0 -1 1 -3 -1

# 559
10 4 1 10 0 12 -5 1 N
-4 0 0 0 0 1 0 0 0 1 0 -2
0 -1 1 0 0 0 0 0 0 0 1 1
0 1 -2 1 0 0 0 0 0 0 0 0
0 0 1 -2 1 0 0 0 0 0 0 0
0 0 0 1 -3 1 0 0 0 0 0 -1
1 0 0 0 1 -1 0 0 0 0 0 1
0 0 0 0 0 0 -2 0 1 0 0 0
0 0 0 0 0 0 0 -2 1 0 0 0
0 0 0 0 0 0 1 1 -3 1 0 -1
1 0 0 0 0 0 0 0 1 -1 0 1
0 1 0 0 0 0 0 0 0 0 -5 -3
-2 1 0 0 -1 1 0 0 -1 1 -3 -1

# 560
10 4 1 10 0 12 -5 2 N
-1 1 0 0 0 0 0 0 0 0 1 1
1 -2 1 0 0 0 0 0 0 0 0 0
0 1 -2 1 0 0 0 0 0 0 0 0
0 0 1 -2 1 0 0 0 0 0 0 0
0 0 0 1 -2 1 0 0 0 0 0 0
0 0 0 0 1 -2 1 0 0 0 0 0
0 0 0 0 0 1 -2 1 0 0 0 0
0 0 0 0 0 0 1 -2 1 0 0 0
0 0 0 0 0 0 0 1 -2 1 0 0
0 0 0 0 0 0 0 0 1 -1 1 1
1 0 0 0 0 0 0 0 0 1 -5 -3
1 0 0 0 0 0 0 0 0 1 -3 -1

# 561
10 4 1 10 0 12 -5 1 N
-6 0 0 0 0 1 0 1 0 1 0 -4
0 -1 1 0 0 0 0 0 0 0 1 1
0 1 -2 1 0 0 0 0 0 0 0 0
0 0 1 -3 1 0 0 0 0 0 0 -1
0 0 0 1 -2 1 0 0 0 0 0 0
1 0 0 0 1 -1 0 0 0 0 0 1
0 0 0 0 0 0 -3 1 0 0 0 -1
1 0 0 0 0 0 1 -1 0 0 0 1
0 0 0 0 0 0 0 0 -3 1 0 -1
1 0 0 0 0 0 0 0 1 -1 0 1
0 1 0 0 0 0 0 0 0 0 -5 -3
-4 1 0 -1 0 1 -1 1 -1 1 -3 -1

# 562
10 4 1 10 0 12 -5 2 N
-2 1 0 0 0 0 0 0 0 1 0 0
1 -3 1 0 0 0 0 0 0 0 0 -1
0 1 -2 1 0 0 0 0 0 0 0 0
0 0 1 -1 1 0 0 0 0 0 0 1
0 0 0 1 -5 1 0 0 0 0 0 -3
0 0 0 0 1 -1 1 0 0 0 0 1
0 0 0 0 0 1 -3 1 0 0 0 -1
0 0 0 0 0 0 1 -2 1 0 0 0
0 0 0 0 0 0 0 1 -1 0 1 1
1 0 0 0 0 0 0 0 0 -1 1 1
0 0 0 0 0 0 0 0 1 1 -5 -3
0 -1 0 1 -3 1 -1 0 1 1 -3 -1

# 563
10 4 1 10 0 12 -5 2 N
-6 0 0 0 1 0 0 0 0 1 0 -4
0 -1 1 0 0 0 0 0 0 0 1 1
0 1 -3 1 0 0 0 0 0 0 0 -1
0 0 1 -2 1 0 0 0 0 0 0 0
1 0 0 1 -1 0 0 0 0 0 0 1
0 0 0 0 0 -1 1 0 0 0 1 1
0 0 0 0 0 1 -2 1 0 0 0 0
0 0 0 0 0 0 1 -3 1 0 0 -1
0 0 0 0 0 0 0 1 -2 1 0 0
1 0 0 0 0 0 0 0 1 -1 0 1
0 1 0 0 0 1 0 0 0 0 -5 -3
-4 1 -1 0 1 1 0 -1 0 1 -3 -1

# 564
10 4 1 10 0 12 -5 2 N
-6 1 0 0 1 0 0 0 0 1 0 -4
1 -1 0 0 0 0 0 0 0 0 0 1
0 0 -1 1 0 0 0 0 0 0 1 1
0 0 1 -3 1 0 0 0 0 0 0 -1
1 0 0 1 -1 0 0 0 0 0 0 1
0 0 0 0 0 -1 1 0 0 0 1 1
0 0 0 0 0 1 -2 1 0 0 0 0
0 0 0 0 0 0 1 -3 1 0 0 -1
0 0 0 0 0 0 0 1 -2 1 0 0
1 0 0 0 0 0 0 0 1 -1 0 1
0 0 1 0 0 1 0 0 0 0 -5 -3
-4 1 1 -1 1 1 0 -1 0 1 -3 -1

# 565
10 4 1 10 0 12 -5 2 N
-7 0 0 0 1 0 0 0 0 1 0 -5
0 -1 1 0 0 0 0 0 0 0 1 1
0 1 -3 1 0 0 0 0 0 0 0 -1
0 0 1 -2 1 0 0 0 0 0 0 0
1 0 0 1 -1 0 0 0 0 0 0 1
0 0 0 0 0 -1 1 0 0 0 1 1
0 0 0 0 0 1 -3 1 0 0 0 -1
0 0 0 0 0 0 1 -2 1 0 0 0
0 0 0 0 0 0 0 1 -2 1 0 0
1 0 0 0 0 0 0 0 1 -1 0 1
0 1 0 0 0 1 0 0 0 0 -5 -3
-5 1 -1 0 1 1 -1 0 0 1 -3 -1

# 566
10 4 1 10 0 12 -5 2 N
-4 1 0 0 0 1 0 0 0 0 0 -2
1 -1 1 0 0 0 0 0 0 0 0 1
0 1 -4 0 0 0 0 0 0 1 0 -2
0 0 0 -1 1 0 0 0 0 0 1 1
0 0 0 1 -3 1 0 0 0 0 0 -1
1 0 0 0 1 -1 0 0 0 0 0 1
0 0 0 0 0 0 -1 1 0 0 1 1
0 0 0 0 0 0 1 -2 1 0 0 0
0 0 0 0 0 0 0 1 -3 1 0 -1
0 0 1 0 0 0 0 0 1 -1 0 1
0 0 0 1 0 0 1 0 0 0 -5 -3
-2 1 -2 1 -1 1 1 0 -1 1 -3 -1

# 567
10 4 1 10 0 12 -5 1 N
-3 1 0 0 0 0 0 0 0 0 0 -1
1 -1 0 1 0 0 0 0 0 0 0 1
0 0 -1 1 0 0 0 0 0 1 0 1
0 1 1 -5 1 0 0 0 0 0 0 -3
0 0 0 1 -1 1 0 0 0 0 0 1
0 0 0 0 1 -3 1 0 0 0 0 -1
0 0 0 0 0 1 -2 1 0 0 0 0
0 0 0 0 0 0 1 -2 1 0 0 0
0 0 0 0 0 0 0 1 -1 0 1 1
0 0 1 0 0 0 0 0 0 -3 0 -1
0 0 0 0 0 0 0 0 1 0 -5 -3
-1 1 1 -3 1 -1 0 0 1 -1 -3 -1

# 568
10 4 1 10 0 12 -5 1 N
-6 1 0 0 0 0 0 1 0 1 0 -4
1 -1 1 0 0 0 0 0 0 0 0 1
0 1 -3 1 0 0 0 0 0 0 0 -1
0 0 1 -1 1 0 0 0 0 0 0 1
0 0 0 1 -4 0 0 0 0 0 0 -2
0 0 0 0 0 -1 1 0 0 0 1 1
0 0 0 0 0 1 -3 1 0 0 0 -1
1 0 0 0 0 0 1 -1 0 0 0 1
0 0 0 0 0 0 0 0 -3 1 0 -1
1 0 0 0 0 0 0 0 1 -1 0 1
0 0 0 0 0 1 0 0 0 0 -5 -3
-4 1 -1 1 -2 1 -1 1 -1 1 -3 -1

# 569
10 4 1 10 0 12 -5 2 N
-1 1 0 0 0 0 0 0 0 0 1 1
1 -2 1 0 0 0 0 0 0 0 0 0
0 1 -3 1 0 0 0 0 0 0 0 -1
0 0 1 -1 1 0 0 0 0 0 0 1
0 0 0 1 -5 1 0 0 0 1 0 -3
0 0 0 0 1 -1 1 0 0 0 0 1
0 0 0 0 0 1 -3 1 0 0 0 -1
0 0 0 0 0 0 1 -2 1 0 0 0
0 0 0 0 0 0 0 1 -1 0 1 1
0 0 0 0 1 0 0 0 0 -1 0 1
1 0 0 0 0 0 0 0 1 0 -5 -3
1 0 -1 1 -3 1 -1 0 1 1 -3 -1

# 570
10 9 1 10 0 12 -5 2 N
-1 1 0 0 0 0 0 0 0 0 1 1
1 -3 1 0 0 0 0 0 0 1 0 -1
0 1 -1 1 0 0 0 0 0 0 0 1
0 0 1 -5 1 0 0 0 0 0 0 -3
0 0 0 1 -1 1 0 0 0 0 0 1
0 0 0 0 1 -3 1 0 0 0 0 -1
0 0 0 0 0 1 -2 1 0 0 0 0
0 0 0 0 0 0 1 -2 1 0 0 0
0 0 0 0 0 0 0 1 -1 0 1 1
0 1 0 0 0 0 0 0 0 -2 0 0
1 0 0 0 0 0 0 0 1 0 -5 -3
1 -1 1 -3 1 -1 0 0 1 0 -3 -1

# 571
10 9 1 10 0 12 -5 3 N
-6 0 0 1 0 0 1 0 0 1 0 -4
0 -1 1 0 0 0 0 0 0 0 1 1
0 1 -3 1 0 0 0 0 0 0 0 -1
1 0 1 -1 0 0 0 0 0 0 0 1
0 0 0 0 -1 1 0 0 0 0 1 1
0 0 0 0 1 -3 1 0 0 0 0 -1
1 0 0 0 0 1 -1 0 0 0 0 1
0 0 0 0 0 0 0 -1 1 0 1 1
0 0 0 0 0 0 0 1 -3 1 0 -1
1 0 0 0 0 0 0 0 1 -1 0 1
0 1 0 0 1 0 0 1 0 0 -5 -3
-4 1 -1 1 1 -1 1 1 -1 1 -3 -1

# 572
10 1 1 10 0 12 -6 1 U
-4 1 0 0 0 0 0 0 0 1 0 -2
1 -1 0 0 0 0 0 0 0 0 0 1
0 0 -1 1 0 0 0 0 0 0 1 1
0 0 1 -2 1 0 0 0 0 0 0 0
0 0 0 1 -3 1 0 0 0 0 0 -1
0 0 0 0 1 -1 1 0 0 0 0 1
0 0 0 0 0 1 -5 1 0 0 0 -3
0 0 0 0 0 0 1 -1 1 0 0 1
0 0 0 0 0 0 0 1 -3 1 0 -1
1 0 0 0 0 0 0 0 1 -1 0 1
0 0 1 0 0 0 0 0 0 0 -6 -4
-2 1 1 0 -1 1 -3 1 -1 1 -4 -1

# 573
10 1 1 10 0 12 -6 1 U
-1 1 0 0 0 0 0 0 0 0 1 1
1 -3 1 0 0 0 0 0 0 0 0 -1
0 1 -1 1 0 0 0 0 0 0 0 1
0 0 1 -5 1 0 0 0 0 1 0 -3
0 0 0 1 -1 1 0 0 0 0 0 1
0 0 0 0 1 -3 1 0 0 0 0 -1
0 0 0 0 0 1 -2 1 0 0 0 0
0 0 0 0 0 0 1 -2 1 0 0 0
0 0 0 0 0 0 0 1 -1 0 0 1
0 0 0 1 0 0 0 0 0 -1 0 1
1 0 0 0 0 0 0 0 0 0 -6 -4
1 -1 1 -3 1 -1 0 0 1 1 -4 -1

# 574
10 1 1 10 0 12 -6 1 U
-2 1 0 0 0 0 0 0 0 1 0 0
1 -3 1 0 0 0 0 0 0 0 0 -1
0 1 -2 1 0 0 0 0 0 0 0 0
0 0 1 -1 1 0 0 0 0 0 0 1
0 0 0 1 -5 1 0 0 0 0 0 -3
0 0 0 0 1 -1 1 0 0 0 0 1
0 0 0 0 0 1 -3 1 0 0 0 -1
0 0 0 0 0 0 1 -2 1 0 0 0
0 0 0 0 0 0 0 1 -1 0 0 1
1 0 0 0 0 0 0 0 0 -1 1 1
0 0 0 0 0 0 0 0 0 1 -6 -4
0 -1 0 1 -3 1 -1 0 1 1 -4 -1

# 575
10 1 1 10 0 12 -6 1 U
-4 1 0 1 1 0 0 0 0 0 0 -2
1 -1 1 0 0 0 0 0 0 0 0 1
0 1 -4 0 0 0 0 0 0 1 0 -2
1 0 0 -1 0 0 0 0 0 0 0 1
1 0 0 0 -1 0 0 0 0 0 0 1
0 0 0 0 0 -1 1 0 0 0 1 1
0 0 0 0 0 1 -2 1 0 0 0 0
0 0 0 0 0 0 1 -2 1 0 0 0
0 0 0 0 0 0 0 1 -3 1 0 -1
0 0 1 0 0 0 0 0 1 -1 0 1
0 0 0 0 0 1 0 0 0 0 -6 -4
-2 1 -2 1 1 1 0 0 -1 1 -4 -1

# 576
10 1 1 10 0 12 -6 1 U
-1 1 0 0 0 0 0 0 0 0 1 1
1 -2 1 0 0 0 0 0 0 0 0 0
0 1 -3 1 0 0 0 0 0 0 0 -1
0 0 1 -1 1 0 0 0 0 0 0 1
0 0 0 1 -5 1 0 0 0 1 0 -3
0 0 0 0 1 -1 1 0 0 0 0 1
0 0 0 0 0 1 -3 1 0 0 0 -1
0 0 0 0 0 0 1 -2 1 0 0 0
0 0 0 0 0 0 0 1 -1 0 0 1
0 0 0 0 1 0 0 0 0 -1 0 1
1 0 0 0 0 0 0 0 0 0 -6 -4
1 0 -1 1 -3 1 -1 0 1 1 -4 -1

# 577
10 1 1 10 0 12 -6 1 U
-1 1 0 0 0 0 0 0 0 1 0 1
1 -5 1 0 0 0 0 0 0 0 0 -3
0 1 -1 1 0 0 0 0 0 0 0 1
0 0 1 -3 1 0 0 0 0 0 0 -1
0 0 0 1 -1 1 0 0 0 0 0 1
0 0 0 0 1 -5 1 0 0 0 0 -3
0 0 0 0 0 1 -1 1 0 0 0 1
0 0 0 0 0 0 1 -3 1 0 0 -1
0 0 0 0 0 0 0 1 -1 0 1 1
1 0 0 0 0 0 0 0 0 -2 0 0
0 0 0 0 0 0 0 0 1 0 -6 -4
1 -3 1 -1 1 -3 1 -1 1 0 -4 -1

# 578
10 1 1 10 0 12 -6 1 U
-4 0 0 0 0 0 0 0 1 0 0 -2
0 -2 1 0 0 0 0 0 0 1 0 0
0 1 -3 1 0 0 0 0 0 0 0 -1
0 0 1 -1 1 0 0 0 0 0 0 1
0 0 0 1 -5 1 0 0 0 0 0 -3
0 0 0 0 1 -1 1 0 0 0 0 1
0 0 0 0 0 1 -3 1 0 0 0 -1
0 0 0 0 0 0 1 -2 1 0 0 0
1 0 0 0 0 0 0 1 -1 0 0 1
0 1 0 0 0 0 0 0 0 -1 1 1
0 0 0 0 0 0 0 0 0 1 -6 -4
-2 0 -1 1 -3 1 -1 0 1 1 -4 -1

# 579
10 1 1 10 0 12 -6 1 U
-1 1 0 0 0 0 0 0 0 0 0 1
1 -5 1 0 0 0 0 0 0 1 0 -3
0 1 -1 1 0 0 0 0 0 0 0 1
0 0 1 -3 1 0 0 0 0 0 0 -1
0 0 0 1 -1 1 0 0 0 0 0 1
0 0 0 0 1 -5 1 0 0 0 0 -3
0 0 0 0 0 1 -1 1 0 0 0 1
0 0 0 0 0 0 1 -3 1 0 0 -1
0 0 0 0 0 0 0 1 -1 0 1 1
0 1 0 0 0 0 0 0 0 -1 0 1
0 0 0 0 0 0 0 0 1 0 -6 -4
1 -3 1 -1 1 -3 1 -1 1 1 -4 -1

# 580
10 1 1 10 0 12 -6 1 U
-5 1 0 0 0 0 0 0 0 1 0 -3
1 -1 1 0 0 0 0 0 0 0 0 1
0 1 -2 1 0 0 0 0 0 0 0 0
0 0 1 -3 1 0 0 0 0 0 0 -1
0 0 0 1 -1 1 0 0 0 0 0 1
0 0 0 0 1 -5 1 0 0 0 0 -3
0 0 0 0 0 1 -1 1 0 0 0 1
0 0 0 0 0 0 1 -3 1 0 0 -1
0 0 0 0 0 0 0 1 -1 0 1 1
1 0 0 0 0 0 0 0 0 -1 0 1
0 0 0 0 0 0 0 0 1 0 -6 -4
-3 1 0 -1 1 -3 1 -1 1 1 -4 -1

# 581
10 1 1 10 0 12 -6 1 U
-7 0 0 0 1 0 0 0 0 1 0 -5
0 -2 1 0 0 0 0 0 0 0 0 0
0 1 -2 1 0 0 0 0 0 0 0 0
0 0 1 -2 1 0 0 0 0 0 0 0
1 0 0 1 -1 0 0 0 0 0 0 1
0 0 0 0 0 -1 1 0 0 0 1 1
0 0 0 0 0 1 -2 1 0 0 0 0
0 0 0 0 0 0 1 -3 1 0 0 -1
0 0 0 0 0 0 0 1 -2 1 0 0
1 0 0 0 0 0 0 0 1 -1 0 1
0 0 0 0 0 1 0 0 0 0 -6 -4
-5 0 0 0 1 1 0 -1 0 1 -4 -1

# 582
10 1 1 10 0 12 -6 1 U
-4 1 0 0 0 1 0 0 0 0 0 -2
1 -1 1 0 0 0 0 0 0 0 0 1
0 1 -4 0 0 0 0 0 0 1 0 -2
0 0 0 -1 1 0 0 0 0 0 1 1
0 0 0 1 -3 1 0 0 0 0 0 -1
1 0 0 0 1 -1 0 0 0 0 0 1
0 0 0 0 0 0 -1 1 0 0 0 1
0 0 0 0 0 0 1 -2 1 0 0 0
0 0 0 0 0 0 0 1 -3 1 0 -1
0 0 1 0 0 0 0 0 1 -1 0 1
0 0 0 1 0 0 0 0 0 0 -6 -4
-2 1 -2 1 -1 1 1 0 -1 1 -4 -1

# 583
10 1 1 10 0 12 -6 1 U
-7 1 1 0 0 0 0 1 0 1 0 -5
1 -1 0 0 0 0 0 0 0 0 0 1
1 0 -1 0 0 0 0 0 0 0 0 1
0 0 0 -1 1 0 0 0 0 0 1 1
0 0 0 1 -2 1 0 0 0 0 0 0
0 0 0 0 1 -3 1 0 0 0 0 -1
0 0 0 0 0 1 -2 1 0 0 0 0
1 0 0 0 0 0 1 -1 0 0 0 1
0 0 0 0 0 0 0 0 -2 1 0 0
1 0 0 0 0 0 0 0 1 -1 0 1
0 0 0 1 0 0 0 0 0 0 -6 -4
-5 1 1 1 0 -1 0 1 0 1 -4 -1

# 584
10 1 1 10 0 12 -6 1 U
-1 1 0 0 0 0 0 0 0 0 1 1
1 -3 1 0 0 0 0 0 0 0 0 -1
0 1 -1 1 0 0 0 0 0 0 0 1
0 0 1 -5 1 0 0 0 0 0 0 -3
0 0 0 1 -1 1 0 0 0 0 0 1
0 0 0 0 1 -3 1 0 0 0 0 -1
0 0 0 0 0 1 -2 1 0 0 0 0
0 0 0 0 0 0 1 -2 1 0 0 0
0 0 0 0 0 0 0 1 -1 1 0 1
0 0 0 0 0 0 0 0 1 -5 0 -3
1 0 0 0 0 0 0 0 0 0 -6 -4
1 -1 1 -3 1 -1 0 0 1 -3 -4 -1

# 585
10 1 1 10 0 12 -6 1 U
-6 0 0 0 0 1 0 0 0 1 0 -4
0 -1 1 0 0 0 0 0 0 0 1 1
0 1 -2 1 0 0 0 0 0 0 0 0
0 0 1 -3 1 0 0 0 0 0 0 -1
0 0 0 1 -2 1 0 0 0 0 0 0
1 0 0 0 1 -1 0 0 0 0 0 1
0 0 0 0 0 0 -3 1 0 0 0 -1
0 0 0 0 0 0 1 -1 1 0 0 1
0 0 0 0 0 0 0 1 -3 1 0 -1
1 0 0 0 0 0 0 0 1 -1 0 1
0 1 0 0 0 0 0 0 0 0 -6 -4
-4 1 0 -1 0 1 -1 1 -1 1 -4 -1

# 586
10 1 1 10 0 12 -6 1 U
-4 1 0 0 0 1 0 0 0 0 0 -2
1 -1 1 0 0 0 0 0 0 0 0 1
0 1 -4 0 0 0 0 0 0 1 0 -2
0 0 0 -1 1 0 0 0 0 0 0 1
0 0 0 1 -3 1 0 0 0 0 0 -1
1 0 0 0 1 -1 0 0 0 0 0 1
0 0 0 0 0 0 -1 1 0 0 1 1
0 0 0 0 0 0 1 -2 1 0 0 0
0 0 0 0 0 0 0 1 -3 1 0 -1
0 0 1 0 0 0 0 0 1 -1 0 1
0 0 0 0 0 0 1 0 0 0 -6 -4
-2 1 -2 1 -1 1 1 0 -1 1 -4 -1

# 587
10 1 1 10 0 12 -6 1 U
-6 1 0 0 1 0 0 0 0 1 0 -4
1 -1 0 0 0 0 0 0 0 0 0 1
0 0 -1 1 0 0 0 0 0 0 1 1
0 0 1 -3 1 0 0 0 0 0 0 -1
1 0 0 1 -1 0 0 0 0 0 0 1
0 0 0 0 0 -1 1 0 0 0 0 1
0 0 0 0 0 1 -2 1 0 0 0 0
0 0 0 0 0 0 1 -3 1 0 0 -1
0 0 0 0 0 0 0 1 -2 1 0 0
1 0 0 0 0 0 0 0 1 -1 0 1
0 0 1 0 0 0 0 0 0 0 -6 -4
-4 1 1 -1 1 1 0 -1 0 1 -4 -1

# 588
10 1 1 10 0 12 -6 1 U
-6 0 0 0 1 0 0 0 0 1 0 -4
0 -1 1 0 0 0 0 0 0 0 0 1
0 1 -3 1 0 0 0 0 0 0 0 -1
0 0 1 -2 1 0 0 0 0 0 0 0
1 0 0 1 -1 0 0 0 0 0 0 1
0 0 0 0 0 -1 1 0 0 0 1 1
0 0 0 0 0 1 -2 1 0 0 0 0
0 0 0 0 0 0 1 -3 1 0 0 -1
0 0 0 0 0 0 0 1 -2 1 0 0
1 0 0 0 0 0 0 0 1 -1 0 1
0 0 0 0 0 1 0 0 0 0 -6 -4
-4 1 -1 0 1 1 0 -1 0 1 -4 -1

# 589
10 1 1 10 0 12 -6 1 U
-2 1 0 0 0 0 0 0 0 1 0 0
1 -3 1 0 0 0 0 0 0 0 0 -1
0 1 -2 1 0 0 0 0 0 0 0 0
0 0 1 -1 1 0 0 0 0 0 0 1
0 0 0 1 -5 1 0 0 0 0 0 -3
0 0 0 0 1 -1 1 0 0 0 0 1
0 0 0 0 0 1 -3 1 0 0 0 -1
0 0 0 0 0 0 1 -2 1 0 0 0
0 0 0 0 0 0 0 1 -1 0 1 1
1 0 0 0 0 0 0 0 0 -1 0 1
0 0 0 0 0 0 0 0 1 0 -6 -4
0 -1 0 1 -3 1 -1 0 1 1 -4 -1

# 590
10 1 1 10 0 12 -6 1 U
-1 1 0 0 0 0 0 0 0 1 0 1
1 -3 1 0 0 0 0 0 0 0 0 -1
0 1 -1 1 0 0 0 0 0 0 0 1
0 0 1 -5 1 0 0 0 0 0 0 -3
0 0 0 1 -1 1 0 0 0 0 0 1
0 0 0 0 1 -3 1 0 0 0 0 -1
0 0 0 0 0 1 -2 1 0 0 0 0
0 0 0 0 0 0 1 -2 1 0 0 0
0 0 0 0 0 0 0 1 -1 0 1 1
1 0 0 0 0 0 0 0 0 -3 0 -1
0 0 0 0 0 0 0 0 1 0 -6 -4
1 -1 1 -3 1 -1 0 0 1 -1 -4 -1

# 591
10 1 1 10 0 12 -6 1 U
-6 1 0 0 1 0 0 0 0 1 0 -4
1 -1 0 0 0 0 0 0 0 0 0 1
0 0 -1 1 0 0 0 0 0 0 0 1
0 0 1 -3 1 0 0 0 0 0 0 -1
1 0 0 1 -1 0 0 0 0 0 0 1
0 0 0 0 0 -1 1 0 0 0 1 1
0 0 0 0 0 1 -2 1 0 0 0 0
0 0 0 0 0 0 1 -3 1 0 0 -1
0 0 0 0 0 0 0 1 -2 1 0 0
1 0 0 0 0 0 0 0 1 -1 0 1
0 0 0 0 0 1 0 0 0 0 -6 -4
-4 1 1 -1 1 1 0 -1 0 1 -4 -1

# 592
10 1 1 10 0 12 -6 1 U
-4 1 0 0 0 0 1 0 0 0 0 -2
1 -1 1 0 0 0 0 0 0 0 0 1
0 1 -4 1 0 0 0 0 0 0 0 -2
0 0 1 -1 1 0 0 0 0 0 0 1
0 0 0 1 -4 0 0 0 0 1 0 -2
0 0 0 0 0 -2 1 0 0 0 0 0
1 0 0 0 0 1 -1 0 0 0 0 1
0 0 0 0 0 0 0 -1 1 0 1 1
0 0 0 0 0 0 0 1 -3 1 0 -1
0 0 0 0 1 0 0 0 1 -1 0 1
0 0 0 0 0 0 0 1 0 0 -6 -4
-2 1 -2 1 -2 0 1 1 -1 1 -4 -1

# 593
10 1 1 10 0 12 -6 1 U
-4 1 0 0 0 1 1 0 0 0 0 -2
1 -1 1 0 0 0 0 0 0 0 0 1
0 1 -4 1 0 0 0 0 0 0 0 -2
0 0 1 -1 1 0 0 0 0 0 0 1
0 0 0 1 -4 0 0 0 0 1 0 -2
1 0 0 0 0 -1 0 0 0 0 0 1
1 0 0 0 0 0 -1 0 0 0 0 1
0 0 0 0 0 0 0 -1 1 0 1 1
0 0 0 0 0 0 0 1 -3 1 0 -1
0 0 0 0 1 0 0 0 1 -1 0 1
0 0 0 0 0 0 0 1 0 0 -6 -4
-2 1 -2 1 -2 1 1 1 -1 1 -4 -1

# 594
10 1 1 10 0 12 -6 1 U
-6 1 0 0 0 0 0 0 0 1 0 -4
1 -1 1 0 0 0 0 0 0 0 0 1
0 1 -2 1 0 0 0 0 0 0 0 0
0 0 1 -3 1 0 0 0 0 0 0 -1
0 0 0 1 -2 1 0 0 0 0 0 0
0 0 0 0 1 -1 1 0 0 0 0 1
0 0 0 0 0 1 -4 0 0 0 0 -2
0 0 0 0 0 0 0 -1 1 0 1 1
0 0 0 0 0 0 0 1 -3 1 0 -1
1 0 0 0 0 0 0 0 1 -1 0 1
0 0 0 0 0 0 0 1 0 0 -6 -4
-4 1 0 -1 0 1 -2 1 -1 1 -4 -1

# 595
10 1 1 10 0 12 -6 1 U
-4 1 0 0 0 0 1 0 0 0 0 -2
1 -1 1 0 0 0 0 0 0 0 0 1
0 1 -3 1 0 0 0 0 0 0 0 -1
0 0 1 -2 1 0 0 0 0 0 0 0
0 0 0 1 -1 1 0 0 0 0 0 1
0 0 0 0 1 -6 0 0 0 1 0 -4
1 0 0 0 0 0 -1 0 0 0 0 1
0 0 0 0 0 0 0 -1 1 0 1 1
0 0 0 0 0 0 0 1 -3 1 0 -1
0 0 0 0 0 1 0 0 1 -1 0 1
0 0 0 0 0 0 0 1 0 0 -6 -4
-2 1 -1 0 1 -4 1 1 -1 1 -4 -1

# 596
10 1 1 10 0 12 -6 1 U
-1 1 0 0 0 0 0 0 0 0 1 1
1 -2 1 0 0 0 0 0 0 0 0 0
0 1 -2 1 0 0 0 0 0 0 0 0
0 0 1 -2 1 0 0 0 0 0 0 0
0 0 0 1 -2 1 0 0 0 0 0 0
0 0 0 0 1 -2 1 0 0 0 0 0
0 0 0 0 0 1 -2 1 0 0 0 0
0 0 0 0 0 0 1 -2 1 0 0 0
0 0 0 0 0 0 0 1 -2 1 0 0
0 0 0 0 0 0 0 0 1 -1 0 1
1 0 0 0 0 0 0 0 0 0 -6 -4
1 0 0 0 0 0 0 0 0 1 -4 -1

# 597
10 1 1 10 0 12 -6 1 U
-1 1 0 0 0 0 0 0 0 0 0 1
1 -3 1 0 0 0 0 0 0 1 0 -1
0 1 -1 1 0 0 0 0 0 0 0 1
0 0 1 -5 1 0 0 0 0 0 0 -3
0 0 0 1 -1 1 0 0 0 0 0 1
0 0 0 0 1 -3 1 0 0 0 0 -1
0 0 0 0 0 1 -2 1 0 0 0 0
0 0 0 0 0 0 1 -2 1 0 0 0
0 0 0 0 0 0 0 1 -1 0 1 1
0 1 0 0 0 0 0 0 0 -2 0 0
0 0 0 0 0 0 0 0 1 0 -6 -4
1 -1 1 -3 1 -1 0 0 1 0 -4 -1

# 598
10 1 1 10 0 12 -6 1 U
-4 1 0 0 0 0 1 0 0 0 0 -2
1 -1 1 0 0 0 0 0 0 0 0 1
0 1 -3 1 0 0 0 0 0 0 0 -1
0 0 1 -1 1 0 0 0 0 0 0 1
0 0 0 1 -6 0 0 0 0 1 0 -4
0 0 0 0 0 -3 1 0 0 0 0 -1
1 0 0 0 0 1 -1 0 0 0 0 1
0 0 0 0 0 0 0 -1 1 0 1 1
0 0 0 0 0 0 0 1 -3 1 0 -1
0 0 0 0 1 0 0 0 1 -1 0 1
0 0 0 0 0 0 0 1 0 0 -6 -4
-2 1 -1 1 -4 -1 1 1 -1 1 -4 -1

# 599
10 1 1 10 0 12 -6 1 U
-7 1 0 0 1 0 0 0 0 1 0 -5
1 -1 0 0 0 0 0 0 0 0 0 1
0 0 -2 1 0 0 0 0 0 0 0 0
0 0 1 -2 1 0 0 0 0 0 0 0
1 0 0 1 -1 0 0 0 0 0 0 1
0 0 0 0 0 -1 1 0 0 0 1 1
0 0 0 0 0 1 -2 1 0 0 0 0
0 0 0 0 0 0 1 -3 1 0 0 -1
0 0 0 0 0 0 0 1 -2 1 0 0
1 0 0 0 0 0 0 0 1 -1 0 1
0 0 0 0 0 1 0 0 0 0 -6 -4
-5 1 0 0 1 1 0 -1 0 1 -4 -1

# 600
10 1 1 10 0 12 -6 1 U
-1 1 0 0 0 0 0 0 0 0 0 1
1 -3 1 0 0 0 0 0 0 0 0 -1
0 1 -1 1 0 0 0 0 0 0 0 1
0 0 1 -5 1 0 0 0 0 1 0 -3
0 0 0 1 -1 1 0 0 0 0 0 1
0 0 0 0 1 -3 1 0 0 0 0 -1
0 0 0 0 0 1 -2 1 0 0 0 0
0 0 0 0 0 0 1 -2 1 0 0 0
0 0 0 0 0 0 0 1 -1 0 1 1
0 0 0 1 0 0 0 0 0 -1 0 1
0 0 0 0 0 0 0 0 1 0 -6 -4
1 -1 1 -3 1 -1 0 0 1 1 -4 -1

# 601
10 1 1 10 0 12 -6 1 U
-7 0 1 0 1 0 0 0 0 1 0 -5
0 -2 1 0 0 0 0 0 0 0 0 0
1 1 -1 0 0 0 0 0 0 0 0 1
0 0 0 -2 1 0 0 0 0 0 0 0
1 0 0 1 -1 0 0 0 0 0 0 1
0 0 0 0 0 -1 1 0 0 0 1 1
0 0 0 0 0 1 -2 1 0 0 0 0
0 0 0 0 0 0 1 -3 1 0 0 -1
0 0 0 0 0 0 0 1 -2 1 0 0
1 0 0 0 0 0 0 0 1 -1 0 1
0 0 0 0 0 1 0 0 0 0 -6 -4
-5 0 1 0 1 1 0 -1 0 1 -4 -1

# 602
10 1 1 10 0 12 -6 1 U
-3 1 0 0 0 0 0 0 0 1 0 -1
1 -2 1 0 0 0 0 0 0 0 0 0
0 1 -1 1 0 0 0 0 0 0 0 1
0 0 1 -5 1 0 0 0 0 0 0 -3
0 0 0 1 -1 1 0 0 0 0 0 1
0 0 0 0 1 -3 1 0 0 0 0 -1
0 0 0 0 0 1 -2 1 0 0 0 0
0 0 0 0 0 0 1 -2 1 0 0 0
0 0 0 0 0 0 0 1 -1 0 1 1
1 0 0 0 0 0 0 0 0 -1 0 1
0 0 0 0 0 0 0 0 1 0 -6 -4
-1 0 1 -3 1 -1 0 0 1 1 -4 -1

# 603
10 1 1 10 0 12 -6 1 U
-4 0 0 0 1 0 0 0 0 1 0 -2
0 -1 1 0 0 0 0 0 0 0 0 1
0 1 -2 1 0 0 0 0 0 0 0 0
0 0 1 -3 1 0 0 0 0 0 0 -1
1 0 0 1 -1 0 0 0 0 0 0 1
0 0 0 0 0 -1 1 0 0 0 1 1
0 0 0 0 0 1 -2 1 0 0 0 0
0 0 0 0 0 0 1 -2 1 0 0 0
0 0 0 0 0 0 0 1 -3 1 0 -1
1 0 0 0 0 0 0 0 1 -1 0 1
0 0 0 0 0 1 0 0 0 0 -6 -4
-2 1 0 -1 1 1 0 0 -1 1 -4 -1

# 604
10 1 1 10 0 12 -6 1 U
-4 0 0 0 1 0 0 0 0 1 0 -2
0 -1 1 0 0 0 0 0 0 0 1 1
0 1 -2 1 0 0 0 0 0 0 0 0
0 0 1 -3 1 0 0 0 0 0 0 -1
1 0 0 1 -1 0 0 0 0 0 0 1
0 0 0 0 0 -1 1 0 0 0 0 1
0 0 0 0 0 1 -2 1 0 0 0 0
0 0 0 0 0 0 1 -2 1 0 0 0
0 0 0 0 0 0 0 1 -3 1 0 -1
1 0 0 0 0 0 0 0 1 -1 0 1
0 1 0 0 0 0 0 0 0 0 -6 -4
-2 1 0 -1 1 1 0 0 -1 1 -4 -1

# 605
10 1 1 10 0 12 -6 1 U
-4 1 0 0 1 0 0 0 0 0 0 -2
1 -1 1 0 0 0 0 0 0 0 0 1
0 1 -4 0 0 0 0 0 0 1 0 -2
0 0 0 -2 1 0 0 0 0 0 0 0
1 0 0 1 -1 0 0 0 0 0 0 1
0 0 0 0 0 -1 1 0 0 0 1 1
0 0 0 0 0 1 -2 1 0 0 0 0
0 0 0 0 0 0 1 -2 1 0 0 0
0 0 0 0 0 0 0 1 -3 1 0 -1
0 0 1 0 0 0 0 0 1 -1 0 1
0 0 0 0 0 1 0 0 0 0 -6 -4
-2 1 -2 0 1 1 0 0 -1 1 -4 -1

# 606
10 1 1 10 0 12 -6 1 U
-6 0 0 1 0 0 1 0 0 1 0 -4
0 -1 1 0 0 0 0 0 0 0 1 1
0 1 -3 1 0 0 0 0 0 0 0 -1
1 0 1 -1 0 0 0 0 0 0 0 1
0 0 0 0 -1 1 0 0 0 0 0 1
0 0 0 0 1 -3 1 0 0 0 0 -1
1 0 0 0 0 1 -1 0 0 0 0 1
0 0 0 0 0 0 0 -1 1 0 0 1
0 0 0 0 0 0 0 1 -3 1 0 -1
1 0 0 0 0 0 0 0 1 -1 0 1
0 1 0 0 0 0 0 0 0 0 -6 -4
-4 1 -1 1 1 -1 1 1 -1 1 -4 -1

# 607
10 1 1 10 0 12 -6 1 U
-6 1 0 0 0 1 0 0 1 0 0 -4
1 -1 1 0 0 0 0 0 0 0 0 1
0 1 -3 1 0 0 0 0 0 0 0 -1
0 0 1 -1 1 0 0 0 0 0 0 1
0 0 0 1 -4 0 0 0 0 1 0 -2
1 0 0 0 0 -1 0 0 0 0 0 1
0 0 0 0 0 0 -1 1 0 0 1 1
0 0 0 0 0 0 1 -3 1 0 0 -1
1 0 0 0 0 0 0 1 -1 0 0 1
0 0 0 0 1 0 0 0 0 -1 0 1
0 0 0 0 0 0 1 0 0 0 -6 -4
-4 1 -1 1 -2 1 1 -1 1 1 -4 -1

# 608
10 4 1 10 0 12 -6 2 N
-4 0 0 0 1 0 0 0 0 1 0 -2
0 -1 1 0 0 0 0 0 0 0 1 1
0 1 -2 1 0 0 0 0 0 0 0 0
0 0 1 -3 1 0 0 0 0 0 0 -1
1 0 0 1 -1 0 0 0 0 0 0 1
0 0 0 0 0 -1 1 0 0 0 1 1
0 0 0 0 0 1 -2 1 0 0 0 0
0 0 0 0 0 0 1 -2 1 0 0 0
0 0 0 0 0 0 0 1 -3 1 0 -1
1 0 0 0 0 0 0 0 1 -1 0 1
0 1 0 0 0 1 0 0 0 0 -6 -4
-2 1 0 -1 1 1 0 0 -1 1 -4 -1

# 609
10 4 1 10 0 12 -6 2 N
-6 1 0 0 1 0 0 0 0 1 0 -4
1 -1 0 0 0 0 0 0 0 0 0 1
0 0 -1 1 0 0 0 0 0 0 1 1
0 0 1 -3 1 0 0 0 0 0 0 -1
1 0 0 1 -1 0 0 0 0 0 0 1
0 0 0 0 0 -1 1 0 0 0 1 1
0 0 0 0 0 1 -2 1 0 0 0 0
0 0 0 0 0 0 1 -3 1 0 0 -1
0 0 0 0 0 0 0 1 -2 1 0 0
1 0 0 0 0 0 0 0 1 -1 0 1
0 0 1 0 0 1 0 0 0 0 -6 -4
-4 1 1 -1 1 1 0 -1 0 1 -4 -1

# 610
10 4 1 10 0 12 -6 2 N
-1 1 0 0 0 0 0 0 0 0 1 1
1 -2 1 0 0 0 0 0 0 0 0 0
0 1 -2 1 0 0 0 0 0 0 0 0
0 0 1 -2 1 0 0 0 0 0 0 0
0 0 0 1 -2 1 0 0 0 0 0 0
0 0 0 0 1 -2 1 0 0 0 0 0
0 0 0 0 0 1 -2 1 0 0 0 0
0 0 0 0 0 0 1 -2 1 0 0 0
0 0 0 0 0 0 0 1 -2 1 0 0
0 0 0 0 0 0 0 0 1 -1 1 1
1 0 0 0 0 0 0 0 0 1 -6 -4
1 0 0 0 0 0 0 0 0 1 -4 -1

# 611
10 4 1 10 0 12 -6 1 N
-4 1 0 0 0 1 0 0 0 0 0 -2
1 -1 1 0 0 0 0 0 0 0 0 1
0 1 -4 0 0 0 0 0 0 1 0 -2
0 0 0 -1 1 0 0 0 0 0 1 1
0 0 0 1 -3 1 0 0 0 0 0 -1
1 0 0 0 1 -1 0 0 0 0 0 1
0 0 0 0 0 0 -2 0 1 0 0 0
0 0 0 0 0 0 0 -2 1 0 0 0
0 0 0 0 0 0 1 1 -3 1 0 -1
0 0 1 0 0 0 0 0 1 -1 0 1
0 0 0 1 0 0 0 0 0 0 -6 -4
-2 1 -2 1 -1 1 0 0 -1 1 -4 -1

# 612
10 4 1 10 0 12 -6 1 N
-2 1 0 0 0 0 0 0 1 1 0 0
1 -2 1 0 0 0 0 0 0 0 0 0
0 1 -2 1 0 0 0 0 0 0 0 0
0 0 1 -2 1 0 0 0 0 0 0 0
0 0 0 1 -2 1 0 0 0 0 0 0
0 0 0 0 1 -2 1 0 0 0 0 0
0 0 0 0 0 1 -2 1 0 0 0 0
0 0 0 0 0 0 1 -1 0 0 1 1
1 0 0 0 0 0 0 0 -2 0 0 0
1 0 0 0 0 0 0 0 0 -2 0 0
0 0 0 0 0 0 0 1 0 0 -6 -4
0 0 0 0 0 0 0 1 0 0 -4 -1

# 613
10 4 1 10 0 12 -6 2 N
-4 1 0 0 0 1 0 0 0 0 0 -2
1 -1 1 0 0 0 0 0 0 0 0 1
0 1 -4 0 0 0 0 0 0 1 0 -2
0 0 0 -1 1 0 0 0 0 0 1 1
0 0 0 1 -3 1 0 0 0 0 0 -1
1 0 0 0 1 -1 0 0 0 0 0 1
0 0 0 0 0 0 -1 1 0 0 1 1
0 0 0 0 0 0 1 -2 1 0 0 0
0 0 0 0 0 0 0 1 -3 1 0 -1
0 0 1 0 0 0 0 0 1 -1 0 1
0 0 0 1 0 0 1 0 0 0 -6 -4
-2 1 -2 1 -1 1 1 0 -1 1 -4 -1

# 614
10 4 1 10 0 12 -6 1 N
-6 1 0 0 0 0 0 1 0 1 0 -4
1 -1 1 0 0 0 0 0 0 0 0 1
0 1 -3 1 0 0 0 0 0 0 0 -1
0 0 1 -1 1 0 0 0 0 0 0 1
0 0 0 1 -4 0 0 0 0 0 0 -2
0 0 0 0 0 -1 1 0 0 0 1 1
0 0 0 0 0 1 -3 1 0 0 0 -1
1 0 0 0 0 0 1 -1 0 0 0 1
0 0 0 0 0 0 0 0 -3 1 0 -1
1 0 0 0 0 0 0 0 1 -1 0 1
0 0 0 0 0 1 0 0 0 0 -6 -4
-4 1 -1 1 -2 1 -1 1 -1 1 -4 -1

# 615
10 4 1 10 0 12 -6 2 N
-2 1 0 0 0 0 0 0 0 1 0 0
1 -3 1 0 0 0 0 0 0 0 0 -1
0 1 -2 1 0 0 0 0 0 0 0 0
0 0 1 -1 1 0 0 0 0 0 0 1
0 0 0 1 -5 1 0 0 0 0 0 -3
0 0 0 0 1 -1 1 0 0 0 0 1
0 0 0 0 0 1 -3 1 0 0 0 -1
0 0 0 0 0 0 1 -2 1 0 0 0
0 0 0 0 0 0 0 1 -1 0 1 1
1 0 0 0 0 0 0 0 0 -1 1 1
0 0 0 0 0 0 0 0 1 1 -6 -4
0 -1 0 1 -3 1 -1 0 1 1 -4 -1

# 616
10 4 1 10 0 12 -6 2 N
-1 1 0 0 0 0 0 0 0 0 1 1
1 -3 1 0 0 0 0 0 0 0 0 -1
0 1 -1 1 0 0 0 0 0 0 0 1
0 0 1 -5 1 0 0 0 0 1 0 -3
0 0 0 1 -1 1 0 0 0 0 0 1
0 0 0 0 1 -3 1 0 0 0 0 -1
0 0 0 0 0 1 -2 1 0 0 0 0
0 0 0 0 0 0 1 -2 1 0 0 0
0 0 0 0 0 0 0 1 -1 0 1 1
0 0 0 1 0 0 0 0 0 -1 0 1
1 0 0 0 0 0 0 0 1 0 -6 -4
1 -1 1 -3 1 -1 0 0 1 1 -4 -1

# 617
10 4 1 10 0 12 -6 1 N
-3 1 0 0 0 0 0 0 0 0 0 -1
1 -1 0 1 0 0 0 0 0 0 0 1
0 0 -1 1 0 0 0 0 0 1 0 1
0 1 1 -5 1 0 0 0 0 0 0 -3
0 0 0 1 -1 1 0 0 0 0 0 1
0 0 0 0 1 -3 1 0 0 0 0 -1
0 0 0 0 0 1 -2 1 0 0 0 0
0 0 0 0 0 0 1 -2 1 0 0 0
0 0 0 0 0 0 0 1 -1 0 1 1
0 0 1 0 0 0 0 0 0 -3 0 -1
0 0 0 0 0 0 0 0 1 0 -6 -4
-1 1 1 -3 1 -1 0 0 1 -1 -4 -1

# 618
10 4 1 10 0 12 -6 1 N
-6 0 0 0 0 1 0 1 0 1 0 -4
0 -1 1 0 0 0 0 0 0 0 1 1
0 1 -2 1 0 0 0 0 0 0 0 0
0 0 1 -3 1 0 0 0 0 0 0 -1
0 0 0 1 -2 1 0 0 0 0 0 0
1 0 0 0 1 -1 0 0 0 0 0 1
0 0 0 0 0 0 -3 1 0 0 0 -1
1 0 0 0 0 0 1 -1 0 0 0 1
0 0 0 0 0 0 0 0 -3 1 0 -1
1 0 0 0 0 0 0 0 1 -1 0 1
0 1 0 0 0 0 0 0 0 0 -6 -4
-4 1 0 -1 0 1 -1 1 -1 1 -4 -1

# 619
10 4 1 10 0 12 -6 1 N
-4 0 0 0 0 1 0 0 0 1 0 -2
0 -1 1 0 0 0 0 0 0 0 1 1
0 1 -2 1 0 0 0 0 0 0 0 0
0 0 1 -2 1 0 0 0 0 0 0 0
0 0 0 1 -3 1 0 0 0 0 0 -1
1 0 0 0 1 -1 0 0 0 0 0 1
0 0 0 0 0 0 -2 0 1 0 0 0
0 0 0 0 0 0 0 -2 1 0 0 0
0 0 0 0 0 0 1 1 -3 1 0 -1
1 0 0 0 0 0 0 0 1 -1 0 1
0 1 0 0 0 0 0 0 0 0 -6 -4
-2 1 0 0 -1 1 0 0 -1 1 -4 -1

# 620
10 4 1 10 0 12 -6 2 N
-6 0 0 1 0 0 1 0 0 1 0 -4
0 -1 1 0 0 0 0 0 0 0 1 1
0 1 -3 1 0 0 0 0 0 0 0 -1
1 0 1 -1 0 0 0 0 0 0 0 1
0 0 0 0 -1 1 0 0 0 0 1 1
0 0 0 0 1 -3 1 0 0 0 0 -1
1 0 0 0 0 1 -1 0 0 0 0 1
0 0 0 0 0 0 0 -1 1 0 0 1
0 0 0 0 0 0 0 1 -3 1 0 -1
1 0 0 0 0 0 0 0 1 -1 0 1
0 1 0 0 1 0 0 0 0 0 -6 -4
-4 1 -1 1 1 -1 1 1 -1 1 -4 -1

# 621
10 4 1 10 0 12 -6 2 N
-1 1 0 0 0 0 0 0 0 0 1 1
1 -2 1 0 0 0 0 0 0 0 0 0
0 1 -3 1 0 0 0 0 0 0 0 -1
0 0 1 -1 1 0 0 0 0 0 0 1
0 0 0 1 -5 1 0 0 0 1 0 -3
0 0 0 0 1 -1 1 0 0 0 0 1
0 0 0 0 0 1 -3 1 0 0 0 -1
0 0 0 0 0 0 1 -2 1 0 0 0
0 0 0 0 0 0 0 1 -1 0 1 1
0 0 0 0 1 0 0 0 0 -1 0 1
1 0 0 0 0 0 0 0 1 0 -6 -4
1 0 -1 1 -3 1 -1 0 1 1 -4 -1

# 622
10 9 1 10 0 12 -6 3 N
-6 0 0 1 0 0 1 0 0 1 0 -4
0 -1 1 0 0 0 0 0 0 0 1 1
0 1 -3 1 0 0 0 0 0 0 0 -1
1 0 1 -1 0 0 0 0 0 0 0 1
0 0 0 0 -1 1 0 0 0 0 1 1
0 0 0 0 1 -3 1 0 0 0 0 -1
1 0 0 0 0 1 -1 0 0 0 0 1
0 0 0 0 0 0 0 -1 1 0 1 1
0 0 0 0 0 0 0 1 -3 1 0 -1
1 0 0 0 0 0 0 0 1 -1 0 1
0 1 0 0 1 0 0 1 0 0 -6 -4
-4 1 -1 1 1 -1 1 1 -1 1 -4 -1

# 623
10 1 1 10 0 12 -7 1 U
-4 1 0 0 0 0 0 0 0 1 0 -2
1 -1 0 0 0 0 0 0 0 0 0 1
0 0 -1 1 0 0 0 0 0 0 1 1
0 0 1 -2 1 0 0 0 0 0 0 0
0 0 0 1 -3 1 0 0 0 0 0 -1
0 0 0 0 1 -1 1 0 0 0 0 1
0 0 0 0 0 1 -5 1 0 0 0 -3
0 0 0 0 0 0 1 -1 1 0 0 1
0 0 0 0 0 0 0 1 -3 1 0 -1
1 0 0 0 0 0 0 0 1 -1 0 1
0 0 1 0 0 0 0 0 0 0 -7 -5
-2 1 1 0 -1 1 -3 1 -1 1 -5 -1

# 624
10 1 1 10 0 12 -7 1 U
-7 1 0 0 1 0 0 0 0 1 0 -5
1 -1 0 0 0 0 0 0 0 0 0 1
0 0 -2 1 0 0 0 0 0 0 0 0
0 0 1 -2 1 0 0 0 0 0 0 0
1 0 0 1 -1 0 0 0 0 0 0 1
0 0 0 0 0 -1 1 0 0 0 1 1
0 0 0 0 0 1 -2 1 0 0 0 0
0 0 0 0 0 0 1 -3 1 0 0 -1
0 0 0 0 0 0 0 1 -2 1 0 0
1 0 0 0 0 0 0 0 1 -1 0 1
0 0 0 0 0 1 0 0 0 0 -7 -5
-5 1 0 0 1 1 0 -1 0 1 -5 -1

# 625
10 1 1 10 0 12 -7 1 U
-6 1 0 0 1 0 0 0 0 1 0 -4
1 -1 0 0 0 0 0 0 0 0 0 1
0 0 -1 1 0 0 0 0 0 0 0 1
0 0 1 -3 1 0 0 0 0 0 0 -1
1 0 0 1 -1 0 0 0 0 0 0 1
0 0 0 0 0 -1 1 0 0 0 1 1
0 0 0 0 0 1 -2 1 0 0 0 0
0 0 0 0 0 0 1 -3 1 0 0 -1
0 0 0 0 0 0 0 1 -2 1 0 0
1 0 0 0 0 0 0 0 1 -1 0 1
0 0 0 0 0 1 0 0 0 0 -7 -5
-4 1 1 -1 1 1 0 -1 0 1 -5 -1

# 626
10 1 1 10 0 12 -7 1 U
-4 1 0 0 1 0 0 0 0 0 0 -2
1 -1 1 0 0 0 0 0 0 0 0 1
0 1 -4 0 0 0 0 0 0 1 0 -2
0 0 0 -2 1 0 0 0 0 0 0 0
1 0 0 1 -1 0 0 0 0 0 0 1
0 0 0 0 0 -1 1 0 0 0 1 1
0 0 0 0 0 1 -2 1 0 0 0 0
0 0 0 0 0 0 1 -2 1 0 0 0
0 0 0 0 0 0 0 1 -3 1 0 -1
0 0 1 0 0 0 0 0 1 -1 0 1
0 0 0 0 0 1 0 0 0 0 -7 -5
-2 1 -2 0 1 1 0 0 -1 1 -5 -1

# 627
10 1 1 10 0 12 -7 1 U
-1 1 0 0 0 0 0 0 0 1 0 1
1 -3 1 0 0 0 0 0 0 0 0 -1
0 1 -1 1 0 0 0 0 0 0 0 1
0 0 1 -5 1 0 0 0 0 0 0 -3
0 0 0 1 -1 1 0 0 0 0 0 1
0 0 0 0 1 -3 1 0 0 0 0 -1
0 0 0 0 0 1 -2 1 0 0 0 0
0 0 0 0 0 0 1 -2 1 0 0 0
0 0 0 0 0 0 0 1 -1 0 1 1
1 0 0 0 0 0 0 0 0 -3 0 -1
0 0 0 0 0 0 0 0 1 0 -7 -5
1 -1 1 -3 1 -1 0 0 1 -1 -5 -1

# 628
10 1 1 10 0 12 -7 1 U
-6 0 0 0 1 0 0 0 0 1 0 -4
0 -1 1 0 0 0 0 0 0 0 0 1
0 1 -3 1 0 0 0 0 0 0 0 -1
0 0 1 -2 1 0 0 0 0 0 0 0
1 0 0 1 -1 0 0 0 0 0 0 1
0 0 0 0 0 -1 1 0 0 0 1 1
0 0 0 0 0 1 -2 1 0 0 0 0
0 0 0 0 0 0 1 -3 1 0 0 -1
0 0 0 0 0 0 0 1 -2 1 0 0
1 0 0 0 0 0 0 0 1 -1 0 1
0 0 0 0 0 1 0 0 0 0 -7 -5
-4 1 -1 0 1 1 0 -1 0 1 -5 -1

# 629
10 1 1 10 0 12 -7 1 U
-1 1 0 0 0 0 0 0 0 0 1 1
1 -2 1 0 0 0 0 0 0 0 0 0
0 1 -2 1 0 0 0 0 0 0 0 0
0 0 1 -2 1 0 0 0 0 0 0 0
0 0 0 1 -2 1 0 0 0 0 0 0
0 0 0 0 1 -2 1 0 0 0 0 0
0 0 0 0 0 1 -2 1 0 0 0 0
0 0 0 0 0 0 1 -2 1 0 0 0
0 0 0 0 0 0 0 1 -2 1 0 0
0 0 0 0 0 0 0 0 1 -1 0 1
1 0 0 0 0 0 0 0 0 0 -7 -5
1 0 0 0 0 0 0 0 0 1 -5 -1

# 630
10 1 1 10 0 12 -7 1 U
-6 0 0 0 0 1 0 0 0 1 0 -4
0 -1 1 0 0 0 0 0 0 0 1 1
0 1 -2 1 0 0 0 0 0 0 0 0
0 0 1 -3 1 0 0 0 0 0 0 -1
0 0 0 1 -2 1 0 0 0 0 0 0
1 0 0 0 1 -1 0 0 0 0 0 1
0 0 0 0 0 0 -3 1 0 0 0 -1
0 0 0 0 0 0 1 -1 1 0 0 1
0 0 0 0 0 0 0 1 -3 1 0 -1
1 0 0 0 0 0 0 0 1 -1 0 1
0 1 0 0 0 0 0 0 0 0 -7 -5
-4 1 0 -1 0 1 -1 1 -1 1 -5 -1

# 631
10 1 1 10 0 12 -7 1 U
-7 1 1 0 0 0 0 1 0 1 0 -5
1 -1 0 0 0 0 0 0 0 0 0 1
1 0 -1 0 0 0 0 0 0 0 0 1
0 0 0 -1 1 0 0 0 0 0 1 1
0 0 0 1 -2 1 0 0 0 0 0 0
0 0 0 0 1 -3 1 0 0 0 0 -1
0 0 0 0 0 1 -2 1 0 0 0 0
1 0 0 0 0 0 1 -1 0 0 0 1
0 0 0 0 0 0 0 0 -2 1 0 0
1 0 0 0 0 0 0 0 1 -1 0 1
0 0 0 1 0 0 0 0 0 0 -7 -5
-5 1 1 1 0 -1 0 1 0 1 -5 -1

# 632
10 1 1 10 0 12 -7 1 U
-1 1 0 0 0 0 0 0 0 0 1 1
1 -2 1 0 0 0 0 0 0 0 0 0
0 1 -3 1 0 0 0 0 0 0 0 -1
0 0 1 -1 1 0 0 0 0 0 0 1
0 0 0 1 -5 1 0 0 0 1 0 -3
0 0 0 0 1 -1 1 0 0 0 0 1
0 0 0 0 0 1 -3 1 0 0 0 -1
0 0 0 0 0 0 1 -2 1 0 0 0
0 0 0 0 0 0 0 1 -1 0 0 1
0 0 0 0 1 0 0 0 0 -1 0 1
1 0 0 0 0 0 0 0 0 0 -7 -5
1 0 -1 1 -3 1 -1 0 1 1 -5 -1

# 633
10 1 1 10 0 12 -7 1 U
-7 0 0 0 1 0 0 0 0 1 0 -5
0 -2 1 0 0 0 0 0 0 0 0 0
0 1 -2 1 0 0 0 0 0 0 0 0
0 0 1 -2 1 0 0 0 0 0 0 0
1 0 0 1 -1 0 0 0 0 0 0 1
0 0 0 0 0 -1 1 0 0 0 1 1
0 0 0 0 0 1 -2 1 0 0 0 0
0 0 0 0 0 0 1 -3 1 0 0 -1
0 0 0 0 0 0 0 1 -2 1 0 0
1 0 0 0 0 0 0 0 1 -1 0 1
0 0 0 0 0 1 0 0 0 0 -7 -5
-5 0 0 0 1 1 0 -1 0 1 -5 -1

# 634
10 1 1 10 0 12 -7 1 U
-7 0 1 0 1 0 0 0 0 1 0 -5
0 -2 1 0 0 0 0 0 0 0 0 0
1 1 -1 0 0 0 0 0 0 0 0 1
0 0 0 -2 1 0 0 0 0 0 0 0
1 0 0 1 -1 0 0 0 0 0 0 1
0 0 0 0 0 -1 1 0 0 0 1 1
0 0 0 0 0 1 -2 1 0 0 0 0
0 0 0 0 0 0 1 -3 1 0 0 -1
0 0 0 0 0 0 0 1 -2 1 0 0
1 0 0 0 0 0 0 0 1 -1 0 1
0 0 0 0 0 1 0 0 0 0 -7 -5
-5 0 1 0 1 1 0 -1 0 1 -5 -1

# 635
10 1 1 10 0 12 -7 1 U
-4 0 0 0 0 0 0 0 1 0 0 -2
0 -2 1 0 0 0 0 0 0 1 0 0
0 1 -3 1 0 0 0 0 0 0 0 -1
0 0 1 -1 1 0 0 0 0 0 0 1
0 0 0 1 -5 1 0 0 0 0 0 -3
0 0 0 0 1 -1 1 0 0 0 0 1
0 0 0 0 0 1 -3 1 0 0 0 -1
0 0 0 0 0 0 1 -2 1 0 0 0
1 0 0 0 0 0 0 1 -1 0 0 1
0 1 0 0 0 0 0 0 0 -1 1 1
0 0 0 0 0 0 0 0 0 1 -7 -5
-2 0 -1 1 -3 1 -1 0 1 1 -5 -1

# 636
10 1 1 10 0 12 -7 1 U
-4 1 0 1 1 0 0 0 0 0 0 -2
1 -1 1 0 0 0 0 0 0 0 0 1
0 1 -4 0 0 0 0 0 0 1 0 -2
1 0 0 -1 0 0 0 0 0 0 0 1
1 0 0 0 -1 0 0 0 0 0 0 1
0 0 0 0 0 -1 1 0 0 0 1 1
0 0 0 0 0 1 -2 1 0 0 0 0
0 0 0 0 0 0 1 -2 1 0 0 0
0 0 0 0 0 0 0 1 -3 1 0 -1
0 0 1 0 0 0 0 0 1 -1 0 1
0 0 0 0 0 1 0 0 0 0 -7 -5
-2 1 -2 1 1 1 0 0 -1 1 -5 -1

# 637
10 1 1 10 0 12 -7 1 U
-4 0 0 0 1 0 0 0 0 1 0 -2
0 -1 1 0 0 0 0 0 0 0 1 1
0 1 -2 1 0 0 0 0 0 0 0 0
0 0 1 -3 1 0 0 0 0 0 0 -1
1 0 0 1 -1 0 0 0 0 0 0 1
0 0 0 0 0 -1 1 0 0 0 0 1
0 0 0 0 0 1 -2 1 0 0 0 0
0 0 0 0 0 0 1 -2 1 0 0 0
0 0 0 0 0 0 0 1 -3 1 0 -1
1 0 0 0 0 0 0 0 1 -1 0 1
0 1 0 0 0 0 0 0 0 0 -7 -5
-2 1 0 -1 1 1 0 0 -1 1 -5 -1

# 638
10 1 1 10 0 12 -7 1 U
-1 1 0 0 0 0 0 0 0 0 0 1
1 -3 1 0 0 0 0 0 0 0 0 -1
0 1 -1 1 0 0 0 0 0 0 0 1
0 0 1 -5 1 0 0 0 0 1 0 -3
0 0 0 1 -1 1 0 0 0 0 0 1
0 0 0 0 1 -3 1 0 0 0 0 -1
0 0 0 0 0 1 -2 1 0 0 0 0
0 0 0 0 0 0 1 -2 1 0 0 0
0 0 0 0 0 0 0 1 -1 0 1 1
0 0 0 1 0 0 0 0 0 -1 0 1
0 0 0 0 0 0 0 0 1 0 -7 -5
1 -1 1 -3 1 -1 0 0 1 1 -5 -1

# 639
10 1 1 10 0 12 -7 1 U
-4 0 0 0 1 0 0 0 0 1 0 -2
0 -1 1 0 0 0 0 0 0 0 0 1
0 1 -2 1 0 0 0 0 0 0 0 0
0 0 1 -3 1 0 0 0 0 0 0 -1
1 0 0 1 -1 0 0 0 0 0 0 1
0 0 0 0 0 -1 1 0 0 0 1 1
0 0 0 0 0 1 -2 1 0 0 0 0
0 0 0 0 0 0 1 -2 1 0 0 0
0 0 0 0 0 0 0 1 -3 1 0 -1
1 0 0 0 0 0 0 0 1 -1 0 1
0 0 0 0 0 1 0 0 0 0 -7 -5
-2 1 0 -1 1 1 0 0 -1 1 -5 -1

# 640
10 1 1 10 0 12 -7 1 U
-2 1 0 0 0 0 0 0 0 1 0 0
1 -3 1 0 0 0 0 0 0 0 0 -1
0 1 -2 1 0 0 0 0 0 0 0 0
0 0 1 -1 1 0 0 0 0 0 0 1
0 0 0 1 -5 1 0 0 0 0 0 -3
0 0 0 0 1 -1 1 0 0 0 0 1
0 0 0 0 0 1 -3 1 0 0 0 -1
0 0 0 0 0 0 1 -2 1 0 0 0
0 0 0 0 0 0 0 1 -1 0 0 1
1 0 0 0 0 0 0 0 0 -1 1 1
0 0 0 0 0 0 0 0 0 1 -7 -5
0 -1 0 1 -3 1 -1 0 1 1 -5 -1

# 641
10 1 1 10 0 12 -7 1 U
-2 1 0 0 0 0 0 0 0 1 0 0
1 -3 1 0 0 0 0 0 0 0 0 -1
0 1 -2 1 0 0 0 0 0 0 0 0
0 0 1 -1 1 0 0 0 0 0 0 1
0 0 0 1 -5 1 0 0 0 0 0 -3
0 0 0 0 1 -1 1 0 0 0 0 1
0 0 0 0 0 1 -3 1 0 0 0 -1
0 0 0 0 0 0 1 -2 1 0 0 0
0 0 0 0 0 0 0 1 -1 0 1 1
1 0 0 0 0 0 0 0 0 -1 0 1
0 0 0 0 0 0 0 0 1 0 -7 -5
0 -1 0 1 -3 1 -1 0 1 1 -5 -1

# 642
10 1 1 10 0 12 -7 1 U
-1 1 0 0 0 0 0 0 0 0 0 1
1 -3 1 0 0 0 0 0 0 1 0 -1
0 1 -1 1 0 0 0 0 0 0 0 1
0 0 1 -5 1 0 0 0 0 0 0 -3
0 0 0 1 -1 1 0 0 0 0 0 1
0 0 0 0 1 -3 1 0 0 0 0 -1
0 0 0 0 0 1 -2 1 0 0 0 0
0 0 0 0 0 0 1 -2 1 0 0 0
0 0 0 0 0 0 0 1 -1 0 1 1
0 1 0 0 0 0 0 0 0 -2 0 0
0 0 0 0 0 0 0 0 1 0 -7 -5
1 -1 1 -3 1 -1 0 0 1 0 -5 -1

# 643
10 1 1 10 0 12 -7 1 U
-4 1 0 0 0 1 0 0 0 0 0 -2
1 -1 1 0 0 0 0 0 0 0 0 1
0 1 -4 0 0 0 0 0 0 1 0 -2
0 0 0 -1 1 0 0 0 0 0 0 1
0 0 0 1 -3 1 0 0 0 0 0 -1
1 0 0 0 1 -1 0 0 0 0 0 1
0 0 0 0 0 0 -1 1 0 0 1 1
0 0 0 0 0 0 1 -2 1 0 0 0
0 0 0 0 0 0 0 1 -3 1 0 -1
0 0 1 0 0 0 0 0 1 -1 0 1
0 0 0 0 0 0 1 0 0 0 -7 -5
-2 1 -2 1 -1 1 1 0 -1 1 -5 -1

# 644
10 1 1 10 0 12 -7 1 U
-3 1 0 0 0 0 0 0 0 1 0 -1
1 -2 1 0 0 0 0 0 0 0 0 0
0 1 -1 1 0 0 0 0 0 0 0 1
0 0 1 -5 1 0 0 0 0 0 0 -3
0 0 0 1 -1 1 0 0 0 0 0 1
0 0 0 0 1 -3 1 0 0 0 0 -1
0 0 0 0 0 1 -2 1 0 0 0 0
0 0 0 0 0 0 1 -2 1 0 0 0
0 0 0 0 0 0 0 1 -1 0 1 1
1 0 0 0 0 0 0 0 0 -1 0 1
0 0 0 0 0 0 0 0 1 0 -7 -5
-1 0 1 -3 1 -1 0 0 1 1 -5 -1

# 645
10 4 1 10 0 12 -7 2 N
-4 0 0 0 1 0 0 0 0 1 0 -2
0 -1 1 0 0 0 0 0 0 0 1 1
0 1 -2 1 0 0 0 0 0 0 0 0
0 0 1 -3 1 0 0 0 0 0 0 -1
1 0 0 1 -1 0 0 0 0 0 0 1
0 0 0 0 0 -1 1 0 0 0 1 1
0 0 0 0 0 1 -2 1 0 0 0 0
0 0 0 0 0 0 1 -2 1 0 0 0
0 0 0 0 0 0 0 1 -3 1 0 -1
1 0 0 0 0 0 0 0 1 -1 0 1
0 1 0 0 0 1 0 0 0 0 -7 -5
-2 1 0 -1 1 1 0 0 -1 1 -5 -1

# 646
10 4 1 10 0 12 -7 2 N
-2 1 0 0 0 0 0 0 0 1 0 0
1 -3 1 0 0 0 0 0 0 0 0 -1
0 1 -2 1 0 0 0 0 0 0 0 0
0 0 1 -1 1 0 0 0 0 0 0 1
0 0 0 1 -5 1 0 0 0 0 0 -3
0 0 0 0 1 -1 1 0 0 0 0 1
0 0 0 0 0 1 -3 1 0 0 0 -1
0 0 0 0 0 0 1 -2 1 0 0 0
0 0 0 0 0 0 0 1 -1 0 1 1
1 0 0 0 0 0 0 0 0 -1 1 1
0 0 0 0 0 0 0 0 1 1 -7 -5
0 -1 0 1 -3 1 -1 0 1 1 -5 -1

# 647
10 4 1 10 0 12 -7 1 N
-6 0 0 0 0 1 0 1 0 1 0 -4
0 -1 1 0 0 0 0 0 0 0 1 1
0 1 -2 1 0 0 0 0 0 0 0 0
0 0 1 -3 1 0 0 0 0 0 0 -1
0 0 0 1 -2 1 0 0 0 0 0 0
1 0 0 0 1 -1 0 0 0 0 0 1
0 0 0 0 0 0 -3 1 0 0 0 -1
1 0 0 0 0 0 1 -1 0 0 0 1
0 0 0 0 0 0 0 0 -3 1 0 -1
1 0 0 0 0 0 0 0 1 -1 0 1
0 1 0 0 0 0 0 0 0 0 -7 -5
-4 1 0 -1 0 1 -1 1 -1 1 -5 -1

# 648
10 4 1 10 0 12 -7 1 N
-2 1 0 0 0 0 0 0 1 1 0 0
1 -2 1 0 0 0 0 0 0 0 0 0
0 1 -2 1 0 0 0 0 0 0 0 0
0 0 1 -2 1 0 0 0 0 0 0 0
0 0 0 1 -2 1 0 0 0 0 0 0
0 0 0 0 1 -2 1 0 0 0 0 0
0 0 0 0 0 1 -2 1 0 0 0 0
0 0 0 0 0 0 1 -1 0 0 1 1
1 0 0 0 0 0 0 0 -2 0 0 0
1 0 0 0 0 0 0 0 0 -2 0 0
0 0 0 0 0 0 0 1 0 0 -7 -5
0 0 0 0 0 0 0 1 0 0 -5 -1

# 649
10 4 1 10 0 12 -7 2 N
-1 1 0 0 0 0 0 0 0 0 1 1
1 -2 1 0 0 0 0 0 0 0 0 0
0 1 -3 1 0 0 0 0 0 0 0 -1
0 0 1 -1 1 0 0 0 0 0 0 1
0 0 0 1 -5 1 0 0 0 1 0 -3
0 0 0 0 1 -1 1 0 0 0 0 1
0 0 0 0 0 1 -3 1 0 0 0 -1
0 0 0 0 0 0 1 -2 1 0 0 0
0 0 0 0 0 0 0 1 -1 0 1 1
0 0 0 0 1 0 0 0 0 -1 0 1
1 0 0 0 0 0 0 0 1 0 -7 -5
1 0 -1 1 -3 1 -1 0 1 1 -5 -1

# 650
10 4 1 10 0 12 -7 2 N
-1 1 0 0 0 0 0 0 0 0 1 1
1 -2 1 0 0 0 0 0 0 0 0 0
0 1 -2 1 0 0 0 0 0 0 0 0
0 0 1 -2 1 0 0 0 0 0 0 0
0 0 0 1 -2 1 0 0 0 0 0 0
0 0 0 0 1 -2 1 0 0 0 0 0
0 0 0 0 0 1 -2 1 0 0 0 0
0 0 0 0 0 0 1 -2 1 0 0 0
0 0 0 0 0 0 0 1 -2 1 0 0
0 0 0 0 0 0 0 0 1 -1 1 1
1 0 0 0 0 0 0 0 0 1 -7 -5
1 0 0 0 0 0 0 0 0 1 -5 -1

# 651
10 4 1 10 0 12 -7 1 N
-4 0 0 0 0 1 0 0 0 1 0 -2
0 -1 1 0 0 0 0 0 0 0 1 1
0 1 -2 1 0 0 0 0 0 0 0 0
0 0 1 -2 1 0 0 0 0 0 0 0
0 0 0 1 -3 1 0 0 0 0 0 -1
1 0 0 0 1 -1 0 0 0 0 0 1
0 0 0 0 0 0 -2 0 1 0 0 0
0 0 0 0 0 0 0 -2 1 0 0 0
0 0 0 0 0 0 1 1 -3 1 0 -1
1 0 0 0 0 0 0 0 1 -1 0 1
0 1 0 0 0 0 0 0 0 0 -7 -5
-2 1 0 0 -1 1 0 0 -1 1 -5 -1

# 652
10 4 1 10 0 12 -7 1 N
-3 1 0 0 0 0 0 0 0 0 0 -1
1 -1 0 1 0 0 0 0 0 0 0 1
0 0 -1 1 0 0 0 0 0 1 0 1
0 1 1 -5 1 0 0 0 0 0 0 -3
0 0 0 1 -1 1 0 0 0 0 0 1
0 0 0 0 1 -3 1 0 0 0 0 -1
0 0 0 0 0 1 -2 1 0 0 0 0
0 0 0 0 0 0 1 -2 1 0 0 0
0 0 0 0 0 0 0 1 -1 0 1 1
0 0 1 0 0 0 0 0 0 -3 0 -1
0 0 0 0 0 0 0 0 1 0 -7 -5
-1 1 1 -3 1 -1 0 0 1 -1 -5 -1

# 653
10 1 1 10 0 12 -8 1 U
-4 1 0 0 1 0 0 0 0 0 0 -2
1 -1 1 0 0 0 0 0 0 0 0 1
0 1 -4 0 0 0 0 0 0 1 0 -2
0 0 0 -2 1 0 0 0 0 0 0 0
1 0 0 1 -1 0 0 0 0 0 0 1
0 0 0 0 0 -1 1 0 0 0 1 1
0 0 0 0 0 1 -2 1 0 0 0 0
0 0 0 0 0 0 1 -2 1 0 0 0
0 0 0 0 0 0 0 1 -3 1 0 -1
0 0 1 0 0 0 0 0 1 -1 0 1
0 0 0 0 0 1 0 0 0 0 -8 -6
-2 1 -2 0 1 1 0 0 -1 1 -6 -1

# 654
10 1 1 10 0 12 -8 1 U
-1 1 0 0 0 0 0 0 0 0 0 1
1 -3 1 0 0 0 0 0 0 1 0 -1
0 1 -1 1 0 0 0 0 0 0 0 1
0 0 1 -5 1 0 0 0 0 0 0 -3
0 0 0 1 -1 1 0 0 0 0 0 1
0 0 0 0 1 -3 1 0 0 0 0 -1
0 0 0 0 0 1 -2 1 0 0 0 0
0 0 0 0 0 0 1 -2 1 0 0 0
0 0 0 0 0 0 0 1 -1 0 1 1
0 1 0 0 0 0 0 0 0 -2 0 0
0 0 0 0 0 0 0 0 1 0 -8 -6
1 -1 1 -3 1 -1 0 0 1 0 -6 -1

# 655
10 1 1 10 0 12 -8 1 U
-4 1 0 1 1 0 0 0 0 0 0 -2
1 -1 1 0 0 0 0 0 0 0 0 1
0 1 -4 0 0 0 0 0 0 1 0 -2
1 0 0 -1 0 0 0 0 0 0 0 1
1 0 0 0 -1 0 0 0 0 0 0 1
0 0 0 0 0 -1 1 0 0 0 1 1
0 0 0 0 0 1 -2 1 0 0 0 0
0 0 0 0 0 0 1 -2 1 0 0 0
0 0 0 0 0 0 0 1 -3 1 0 -1
0 0 1 0 0 0 0 0 1 -1 0 1
0 0 0 0 0 1 0 0 0 0 -8 -6
-2 1 -2 1 1 1 0 0 -1 1 -6 -1

# 656
10 1 1 10 0 12 -8 1 U
-3 1 0 0 0 0 0 0 0 1 0 -1
1 -2 1 0 0 0 0 0 0 0 0 0
0 1 -1 1 0 0 0 0 0 0 0 1
0 0 1 -5 1 0 0 0 0 0 0 -3
0 0 0 1 -1 1 0 0 0 0 0 1
0 0 0 0 1 -3 1 0 0 0 0 -1
0 0 0 0 0 1 -2 1 0 0 0 0
0 0 0 0 0 0 1 -2 1 0 0 0
0 0 0 0 0 0 0 1 -1 0 1 1
1 0 0 0 0 0 0 0 0 -1 0 1
0 0 0 0 0 0 0 0 1 0 -8 -6
-1 0 1 -3 1 -1 0 0 1 1 -6 -1

# 657
10 1 1 10 0 12 -8 1 U
-4 0 0 0 0 0 0 0 1 0 0 -2
0 -2 1 0 0 0 0 0 0 1 0 0
0 1 -3 1 0 0 0 0 0 0 0 -1
0 0 1 -1 1 0 0 0 0 0 0 1
0 0 0 1 -5 1 0 0 0 0 0 -3
0 0 0 0 1 -1 1 0 0 0 0 1
0 0 0 0 0 1 -3 1 0 0 0 -1
0 0 0 0 0 0 1 -2 1 0 0 0
1 0 0 0 0 0 0 1 -1 0 0 1
0 1 0 0 0 0 0 0 0 -1 1 1
0 0 0 0 0 0 0 0 0 1 -8 -6
-2 0 -1 1 -3 1 -1 0 1 1 -6 -1

# 658
10 1 1 10 0 12 -8 1 U
-7 0 0 0 1 0 0 0 0 1 0 -5
0 -2 1 0 0 0 0 0 0 0 0 0
0 1 -2 1 0 0 0 0 0 0 0 0
0 0 1 -2 1 0 0 0 0 0 0 0
1 0 0 1 -1 0 0 0 0 0 0 1
0 0 0 0 0 -1 1 0 0 0 1 1
0 0 0 0 0 1 -2 1 0 0 0 0
0 0 0 0 0 0 1 -3 1 0 0 -1
0 0 0 0 0 0 0 1 -2 1 0 0
1 0 0 0 0 0 0 0 1 -1 0 1
0 0 0 0 0 1 0 0 0 0 -8 -6
-5 0 0 0 1 1 0 -1 0 1 -6 -1

# 659
10 1 1 10 0 12 -8 1 U
-1 1 0 0 0 0 0 0 0 0 1 1
1 -2 1 0 0 0 0 0 0 0 0 0
0 1 -2 1 0 0 0 0 0 0 0 0
0 0 1 -2 1 0 0 0 0 0 0 0
0 0 0 1 -2 1 0 0 0 0 0 0
0 0 0 0 1 -2 1 0 0 0 0 0
0 0 0 0 0 1 -2 1 0 0 0 0
0 0 0 0 0 0 1 -2 1 0 0 0
0 0 0 0 0 0 0 1 -2 1 0 0
0 0 0 0 0 0 0 0 1 -1 0 1
1 0 0 0 0 0 0 0 0 0 -8 -6
1 0 0 0 0 0 0 0 0 1 -6 -1

# 660
10 1 1 10 0 12 -8 1 U
-6 0 0 0 0 1 0 0 0 1 0 -4
0 -1 1 0 0 0 0 0 0 0 1 1
0 1 -2 1 0 0 0 0 0 0 0 0
0 0 1 -3 1 0 0 0 0 0 0 -1
0 0 0 1 -2 1 0 0 0 0 0 0
1 0 0 0 1 -1 0 0 0 0 0 1
0 0 0 0 0 0 -3 1 0 0 0 -1
0 0 0 0 0 0 1 -1 1 0 0 1
0 0 0 0 0 0 0 1 -3 1 0 -1
1 0 0 0 0 0 0 0 1 -1 0 1
0 1 0 0 0 0 0 0 0 0 -8 -6
-4 1 0 -1 0 1 -1 1 -1 1 -6 -1

# 661
10 1 1 10 0 12 -8 1 U
-6 0 0 0 1 0 0 0 0 1 0 -4
0 -1 1 0 0 0 0 0 0 0 0 1
0 1 -3 1 0 0 0 0 0 0 0 -1
0 0 1 -2 1 0 0 0 0 0 0 0
1 0 0 1 -1 0 0 0 0 0 0 1
0 0 0 0 0 -1 1 0 0 0 1 1
0 0 0 0 0 1 -2 1 0 0 0 0
0 0 0 0 0 0 1 -3 1 0 0 -1
0 0 0 0 0 0 0 1 -2 1 0 0
1 0 0 0 0 0 0 0 1 -1 0 1
0 0 0 0 0 1 0 0 0 0 -8 -6
-4 1 -1 0 1 1 0 -1 0 1 -6 -1

# 662
10 1 1 10 0 12 -8 1 U
-2 1 0 0 0 0 0 0 0 1 0 0
1 -3 1 0 0 0 0 0 0 0 0 -1
0 1 -2 1 0 0 0 0 0 0 0 0
0 0 1 -1 1 0 0 0 0 0 0 1
0 0 0 1 -5 1 0 0 0 0 0 -3
0 0 0 0 1 -1 1 0 0 0 0 1
0 0 0 0 0 1 -3 1 0 0 0 -1
0 0 0 0 0 0 1 -2 1 0 0 0
0 0 0 0 0 0 0 1 -1 0 1 1
1 0 0 0 0 0 0 0 0 -1 0 1
0 0 0 0 0 0 0 0 1 0 -8 -6
0 -1 0 1 -3 1 -1 0 1 1 -6 -1

# 663
10 1 1 10 0 12 -8 1 U
-2 1 0 0 0 0 0 0 0 1 0 0
1 -3 1 0 0 0 0 0 0 0 0 -1
0 1 -2 1 0 0 0 0 0 0 0 0
0 0 1 -1 1 0 0 0 0 0 0 1
0 0 0 1 -5 1 0 0 0 0 0 -3
0 0 0 0 1 -1 1 0 0 0 0 1
0 0 0 0 0 1 -3 1 0 0 0 -1
0 0 0 0 0 0 1 -2 1 0 0 0
0 0 0 0 0 0 0 1 -1 0 0 1
1 0 0 0 0 0 0 0 0 -1 1 1
0 0 0 0 0 0 0 0 0 1 -8 -6
0 -1 0 1 -3 1 -1 0 1 1 -6 -1

# 664
10 1 1 10 0 12 -8 1 U
-1 1 0 0 0 0 0 0 0 0 1 1
1 -2 1 0 0 0 0 0 0 0 0 0
0 1 -3 1 0 0 0 0 0 0 0 -1
0 0 1 -1 1 0 0 0 0 0 0 1
0 0 0 1 -5 1 0 0 0 1 0 -3
0 0 0 0 1 -1 1 0 0 0 0 1
0 0 0 0 0 1 -3 1 0 0 0 -1
0 0 0 0 0 0 1 -2 1 0 0 0
0 0 0 0 0 0 0 1 -1 0 0 1
0 0 0 0 1 0 0 0 0 -1 0 1
1 0 0 0 0 0 0 0 0 0 -8 -6
1 0 -1 1 -3 1 -1 0 1 1 -6 -1

# 665
10 1 1 10 0 12 -8 1 U
-7 1 1 0 0 0 0 1 0 1 0 -5
1 -1 0 0 0 0 0 0 0 0 0 1
1 0 -1 0 0 0 0 0 0 0 0 1
0 0 0 -1 1 0 0 0 0 0 1 1
0 0 0 1 -2 1 0 0 0 0 0 0
0 0 0 0 1 -3 1 0 0 0 0 -1
0 0 0 0 0 1 -2 1 0 0 0 0
1 0 0 0 0 0 1 -1 0 0 0 1
0 0 0 0 0 0 0 0 -2 1 0 0
1 0 0 0 0 0 0 0 1 -1 0 1
0 0 0 1 0 0 0 0 0 0 -8 -6
-5 1 1 1 0 -1 0 1 0 1 -6 -1

# 666
10 1 1 10 0 12 -8 1 U
-6 1 0 0 1 0 0 0 0 1 0 -4
1 -1 0 0 0 0 0 0 0 0 0 1
0 0 -1 1 0 0 0 0 0 0 0 1
0 0 1 -3 1 0 0 0 0 0 0 -1
1 0 0 1 -1 0 0 0 0 0 0 1
0 0 0 0 0 -1 1 0 0 0 1 1
0 0 0 0 0 1 -2 1 0 0 0 0
0 0 0 0 0 0 1 -3 1 0 0 -1
0 0 0 0 0 0 0 1 -2 1 0 0
1 0 0 0 0 0 0 0 1 -1 0 1
0 0 0 0 0 1 0 0 0 0 -8 -6
-4 1 1 -1 1 1 0 -1 0 1 -6 -1

# 667
10 1 1 10 0 12 -8 1 U
-1 1 0 0 0 0 0 0 0 0 0 1
1 -3 1 0 0 0 0 0 0 0 0 -1
0 1 -1 1 0 0 0 0 0 0 0 1
0 0 1 -5 1 0 0 0 0 1 0 -3
0 0 0 1 -1 1 0 0 0 0 0 1
0 0 0 0 1 -3 1 0 0 0 0 -1
0 0 0 0 0 1 -2 1 0 0 0 0
0 0 0 0 0 0 1 -2 1 0 0 0
0 0 0 0 0 0 0 1 -1 0 1 1
0 0 0 1 0 0 0 0 0 -1 0 1
0 0 0 0 0 0 0 0 1 0 -8 -6
1 -1 1 -3 1 -1 0 0 1 1 -6 -1

# 668
10 1 1 10 0 12 -8 1 U
-1 1 0 0 0 0 0 0 0 1 0 1
1 -3 1 0 0 0 0 0 0 0 0 -1
0 1 -1 1 0 0 0 0 0 0 0 1
0 0 1 -5 1 0 0 0 0 0 0 -3
0 0 0 1 -1 1 0 0 0 0 0 1
0 0 0 0 1 -3 1 0 0 0 0 -1
0 0 0 0 0 1 -2 1 0 0 0 0
0 0 0 0 0 0 1 -2 1 0 0 0
0 0 0 0 0 0 0 1 -1 0 1 1
1 0 0 0 0 0 0 0 0 -3 0 -1
0 0 0 0 0 0 0 0 1 0 -8 -6
1 -1 1 -3 1 -1 0 0 1 -1 -6 -1

# 669
10 1 1 10 0 12 -8 1 U
-4 0 0 0 1 0 0 0 0 1 0 -2
0 -1 1 0 0 0 0 0 0 0 0 1
0 1 -2 1 0 0 0 0 0 0 0 0
0 0 1 -3 1 0 0 0 0 0 0 -1
1 0 0 1 -1 0 0 0 0 0 0 1
0 0 0 0 0 -1 1 0 0 0 1 1
0 0 0 0 0 1 -2 1 0 0 0 0
0 0 0 0 0 0 1 -2 1 0 0 0
0 0 0 0 0 0 0 1 -3 1 0 -1
1 0 0 0 0 0 0 0 1 -1 0 1
0 0 0 0 0 1 0 0 0 0 -8 -6
-2 1 0 -1 1 1 0 0 -1 1 -6 -1

# 670
10 1 1 10 0 12 -8 1 U
-7 1 0 0 1 0 0 0 0 1 0 -5
1 -1 0 0 0 0 0 0 0 0 0 1
0 0 -2 1 0 0 0 0 0 0 0 0
0 0 1 -2 1 0 0 0 0 0 0 0
1 0 0 1 -1 0 0 0 0 0 0 1
0 0 0 0 0 -1 1 0 0 0 1 1
0 0 0 0 0 1 -2 1 0 0 0 0
0 0 0 0 0 0 1 -3 1 0 0 -1
0 0 0 0 0 0 0 1 -2 1 0 0
1 0 0 0 0 0 0 0 1 -1 0 1
0 0 0 0 0 1 0 0 0 0 -8 -6
-5 1 0 0 1 1 0 -1 0 1 -6 -1

# 671
10 1 1 10 0 12 -8 1 U
-7 0 1 0 1 0 0 0 0 1 0 -5
0 -2 1 0 0 0 0 0 0 0 0 0
1 1 -1 0 0 0 0 0 0 0 0 1
0 0 0 -2 1 0 0 0 0 0 0 0
1 0 0 1 -1 0 0 0 0 0 0 1
0 0 0 0 0 -1 1 0 0 0 1 1
0 0 0 0 0 1 -2 1 0 0 0 0
0 0 0 0 0 0 1 -3 1 0 0 -1
0 0 0 0 0 0 0 1 -2 1 0 0
1 0 0 0 0 0 0 0 1 -1 0 1
0 0 0 0 0 1 0 0 0 0 -8 -6
-5 0 1 0 1 1 0 -1 0 1 -6 -1

# 672
10 1 1 10 0 12 -8 1 U
-4 1 0 0 0 0 0 0 0 1 0 -2
1 -1 0 0 0 0 0 0 0 0 0 1
0 0 -1 1 0 0 0 0 0 0 1 1
0 0 1 -2 1 0 0 0 0 0 0 0
0 0 0 1 -3 1 0 0 0 0 0 -1
0 0 0 0 1 -1 1 0 0 0 0 1
0 0 0 0 0 1 -5 1 0 0 0 -3
0 0 0 0 0 0 1 -1 1 0 0 1
0 0 0 0 0 0 0 1 -3 1 0 -1
1 0 0 0 0 0 0 0 1 -1 0 1
0 0 1 0 0 0 0 0 0 0 -8 -6
-2 1 1 0 -1 1 -3 1 -1 1 -6 -1

# 673
10 1 1 10 0 12 -8 1 U
-4 0 0 0 1 0 0 0 0 1 0 -2
0 -1 1 0 0 0 0 0 0 0 1 1
0 1 -2 1 0 0 0 0 0 0 0 0
0 0 1 -3 1 0 0 0 0 0 0 -1
1 0 0 1 -1 0 0 0 0 0 0 1
0 0 0 0 0 -1 1 0 0 0 0 1
0 0 0 0 0 1 -2 1 0 0 0 0
0 0 0 0 0 0 1 -2 1 0 0 0
0 0 0 0 0 0 0 1 -3 1 0 -1
1 0 0 0 0 0 0 0 1 -1 0 1
0 1 0 0 0 0 0 0 0 0 -8 -6
-2 1 0 -1 1 1 0 0 -1 1 -6 -1

# 674
10 1 1 10 0 12 -8 1 U
-4 1 0 0 0 1 0 0 0 0 0 -2
1 -1 1 0 0 0 0 0 0 0 0 1
0 1 -4 0 0 0 0 0 0 1 0 -2
0 0 0 -1 1 0 0 0 0 0 0 1
0 0 0 1 -3 1 0 0 0 0 0 -1
1 0 0 0 1 -1 0 0 0 0 0 1
0 0 0 0 0 0 -1 1 0 0 1 1
0 0 0 0 0 0 1 -2 1 0 0 0
0 0 0 0 0 0 0 1 -3 1 0 -1
0 0 1 0 0 0 0 0 1 -1 0 1
0 0 0 0 0 0 1 0 0 0 -8 -6
-2 1 -2 1 -1 1 1 0 -1 1 -6 -1

# 675
10 4 1 10 0 12 -8 1 N
-6 0 0 0 0 1 0 1 0 1 0 -4
0 -1 1 0 0 0 0 0 0 0 1 1
0 1 -2 1 0 0 0 0 0 0 0 0
0 0 1 -3 1 0 0 0 0 0 0 -1
0 0 0 1 -2 1 0 0 0 0 0 0
1 0 0 0 1 -1 0 0 0 0 0 1
0 0 0 0 0 0 -3 1 0 0 0 -1
1 0 0 0 0 0 1 -1 0 0 0 1
0 0 0 0 0 0 0 0 -3 1 0 -1
1 0 0 0 0 0 0 0 1 -1 0 1
0 1 0 0 0 0 0 0 0 0 -8 -6
-4 1 0 -1 0 1 -1 1 -1 1 -6 -1

# 676
10 4 1 10 0 12 -8 2 N
-4 0 0 0 1 0 0 0 0 1 0 -2
0 -1 1 0 0 0 0 0 0 0 1 1
0 1 -2 1 0 0 0 0 0 0 0 0
0 0 1 -3 1 0 0 0 0 0 0 -1
1 0 0 1 -1 0 0 0 0 0 0 1
0 0 0 0 0 -1 1 0 0 0 1 1
0 0 0 0 0 1 -2 1 0 0 0 0
0 0 0 0 0 0 1 -2 1 0 0 0
0 0 0 0 0 0 0 1 -3 1 0 -1
1 0 0 0 0 0 0 0 1 -1 0 1
0 1 0 0 0 1 0 0 0 0 -8 -6
-2 1 0 -1 1 1 0 0 -1 1 -6 -1

# 677
10 4 1 10 0 12 -8 1 N
-2 1 0 0 0 0 0 0 1 1 0 0
1 -2 1 0 0 0 0 0 0 0 0 0
0 1 -2 1 0 0 0 0 0 0 0 0
0 0 1 -2 1 0 0 0 0 0 0 0
0 0 0 1 -2 1 0 0 0 0 0 0
0 0 0 0 1 -2 1 0 0 0 0 0
0 0 0 0 0 1 -2 1 0 0 0 0
0 0 0 0 0 0 1 -1 0 0 1 1
1 0 0 0 0 0 0 0 -2 0 0 0
1 0 0 0 0 0 0 0 0 -2 0 0
0 0 0 0 0 0 0 1 0 0 -8 -6
0 0 0 0 0 0 0 1 0 0 -6 -1

# 678
10 4 1 10 0 12 -8 1 N
-4 0 0 0 0 1 0 0 0 1 0 -2
0 -1 1 0 0 0 0 0 0 0 1 1
0 1 -2 1 0 0 0 0 0 0 0 0
0 0 1 -2 1 0 0 0 0 0 0 0
0 0 0 1 -3 1 0 0 0 0 0 -1
1 0 0 0 1 -1 0 0 0 0 0 1
0 0 0 0 0 0 -2 0 1 0 0 0
0 0 0 0 0 0 0 -2 1 0 0 0
0 0 0 0 0 0 1 1 -3 1 0 -1
1 0 0 0 0 0 0 0 1 -1 0 1
0 1 0 0 0 0 0 0 0 0 -8 -6
-2 1 0 0 -1 1 0 0 -1 1 -6 -1

# 679
10 4 1 10 0 12 -8 2 N
-1 1 0 0 0 0 0 0 0 0 1 1
1 -2 1 0 0 0 0 0 0 0 0 0
0 1 -3 1 0 0 0 0 0 0 0 -1
0 0 1 -1 1 0 0 0 0 0 0 1
0 0 0 1 -5 1 0 0 0 1 0 -3
0 0 0 0 1 -1 1 0 0 0 0 1
0 0 0 0 0 1 -3 1 0 0 0 -1
0 0 0 0 0 0 1 -2 1 0 0 0
0 0 0 0 0 0 0 1 -1 0 1 1
0 0 0 0 1 0 0 0 0 -1 0 1
1 0 0 0 0 0 0 0 1 0 -8 -6
1 0 -1 1 -3 1 -1 0 1 1 -6 -1

# 680
10 4 1 10 0 12 -8 2 N
-2 1 0 0 0 0 0 0 0 1 0 0
1 -3 1 0 0 0 0 0 0 0 0 -1
0 1 -2 1 0 0 0 0 0 0 0 0
0 0 1 -1 1 0 0 0 0 0 0 1
0 0 0 1 -5 1 0 0 0 0 0 -3
0 0 0 0 1 -1 1 0 0 0 0 1
0 0 0 0 0 1 -3 1 0 0 0 -1
0 0 0 0 0 0 1 -2 1 0 0 0
0 0 0 0 0 0 0 1 -1 0 1 1
1 0 0 0 0 0 0 0 0 -1 1 1
0 0 0 0 0 0 0 0 1 1 -8 -6
0 -1 0 1 -3 1 -1 0 1 1 -6 -1

# 681
10 4 1 10 0 12 -8 1 N
-3 1 0 0 0 0 0 0 0 0 0 -1
1 -1 0 1 0 0 0 0 0 0 0 1
0 0 -1 1 0 0 0 0 0 1 0 1
0 1 1 -5 1 0 0 0 0 0 0 -3
0 0 0 1 -1 1 0 0 0 0 0 1
0 0 0 0 1 -3 1 0 0 0 0 -1
0 0 0 0 0 1 -2 1 0 0 0 0
0 0 0 0 0 0 1 -2 1 0 0 0
0 0 0 0 0 0 0 1 -1 0 1 1
0 0 1 0 0 0 0 0 0 -3 0 -1
0 0 0 0 0 0 0 0 1 0 -8 -6
-1 1 1 -3 1 -1 0 0 1 -1 -6 -1

# 682
10 4 1 10 0 12 -8 2 N
-1 1 0 0 0 0 0 0 0 0 1 1
1 -2 1 0 0 0 0 0 0 0 0 0
0 1 -2 1 0 0 0 0 0 0 0 0
0 0 1 -2 1 0 0 0 0 0 0 0
0 0 0 1 -2 1 0 0 0 0 0 0
0 0 0 0 1 -2 1 0 0 0 0 0
0 0 0 0 0 1 -2 1 0 0 0 0
0 0 0 0 0 0 1 -2 1 0 0 0
0 0 0 0 0 0 0 1 -2 1 0 0
0 0 0 0 0 0 0 0 1 -1 1 1
1 0 0 0 0 0 0 0 0 1 -8 -6
1 0 0 0 0 0 0 0 0 1 -6 -1

# 683
10 1 1 10 0 12 -12 1 U
-1 1 0 0 0 0 0 0 0 0 0 1
1 -3 1 0 0 0 0 0 0 1 0 -1
0 1 -1 1 0 0 0 0 0 0 0 1
0 0 1 -5 1 0 0 0 0 0 0 -3
0 0 0 1 -1 1 0 0 0 0 0 1
0 0 0 0 1 -3 1 0 0 0 0 -1
0 0 0 0 0 1 -2 1 0 0 0 0
0 0 0 0 0 0 1 -2 1 0 0 0
0 0 0 0 0 0 0 1 -1 0 1 1
0 1 0 0 0 0 0 0 0 -2 0 0
0 0 0 0 0 0 0 0 1 0 -12 -10
1 -1 1 -3 1 -1 0 0 1 0 -10 -1

# 684
10 1 1 10 0 12 -12 1 U
-4 0 0 0 1 0 0 0 0 1 0 -2
0 -1 1 0 0 0 0 0 0 0 0 1
0 1 -2 1 0 0 0 0 0 0 0 0
0 0 1 -3 1 0 0 0 0 0 0 -1
1 0 0 1 -1 0 0 0 0 0 0 1
0 0 0 0 0 -1 1 0 0 0 1 1
0 0 0 0 0 1 -2 1 0 0 0 0
0 0 0 0 0 0 1 -2 1 0 0 0
0 0 0 0 0 0 0 1 -3 1 0 -1
1 0 0 0 0 0 0 0 1 -1 0 1
0 0 0 0 0 1 0 0 0 0 -12 -10
-2 1 0 -1 1 1 0 0 -1 1 -10 -1

# 685
10 1 1 10 0 12 -12 1 U
-1 1 0 0 0 0 0 0 0 1 0 1
1 -3 1 0 0 0 0 0 0 0 0 -1
0 1 -1 1 0 0 0 0 0 0 0 1
0 0 1 -5 1 0 0 0 0 0 0 -3
0 0 0 1 -1 1 0 0 0 0 0 1
0 0 0 0 1 -3 1 0 0 0 0 -1
0 0 0 0 0 1 -2 1 0 0 0 0
0 0 0 0 0 0 1 -2 1 0 0 0
0 0 0 0 0 0 0 1 -1 0 1 1
1 0 0 0 0 0 0 0 0 -3 0 -1
0 0 0 0 0 0 0 0 1 0 -12 -10
1 -1 1 -3 1 -1 0 0 1 -1 -10 -1

# 686
10 1 1 10 0 12 -12 1 U
-1 1 0 0 0 0 0 0 0 0 0 1
1 -3 1 0 0 0 0 0 0 0 0 -1
0 1 -1 1 0 0 0 0 0 0 0 1
0 0 1 -5 1 0 0 0 0 1 0 -3
0 0 0 1 -1 1 0 0 0 0 0 1
0 0 0 0 1 -3 1 0 0 0 0 -1
0 0 0 0 0 1 -2 1 0 0 0 0
0 0 0 0 0 0 1 -2 1 0 0 0
0 0 0 0 0 0 0 1 -1 0 1 1
0 0 0 1 0 0 0 0 0 -1 0 1
0 0 0 0 0 0 0 0 1 0 -12 -10
1 -1 1 -3 1 -1 0 0 1 1 -10 -1

# 687
10 1 1 10 0 12 -12 1 U
-4 1 0 0 1 0 0 0 0 0 0 -2
1 -1 1 0 0 0 0 0 0 0 0 1
0 1 -4 0 0 0 0 0 0 1 0 -2
0 0 0 -2 1 0 0 0 0 0 0 0
1 0 0 1 -1 0 0 0 0 0 0 1
0 0 0 0 0 -1 1 0 0 0 1 1
0 0 0 0 0 1 -2 1 0 0 0 0
0 0 0 0 0 0 1 -2 1 0 0 0
0 0 0 0 0 0 0 1 -3 1 0 -1
0 0 1 0 0 0 0 0 1 -1 0 1
0 0 0 0 0 1 0 0 0 0 -12 -10
-2 1 -2 0 1 1 0 0 -1 1 -10 -1

# 688
10 1 1 10 0 12 -12 1 U
-1 1 0 0 0 0 0 0 0 0 1 1
1 -2 1 0 0 0 0 0 0 0 0 0
0 1 -2 1 0 0 0 0 0 0 0 0
0 0 1 -2 1 0 0 0 0 0 0 0
0 0 0 1 -2 1 0 0 0 0 0 0
0 0 0 0 1 -2 1 0 0 0 0 0
0 0 0 0 0 1 -2 1 0 0 0 0
0 0 0 0 0 0 1 -2 1 0 0 0
0 0 0 0 0 0 0 1 -2 1 0 0
0 0 0 0 0 0 0 0 1 -1 0 1
1 0 0 0 0 0 0 0 0 0 -12 -10
1 0 0 0 0 0 0 0 0 1 -10 -1

# 689
10 1 1 10 0 12 -12 1 U
-3 1 0 0 0 0 0 0 0 1 0 -1
1 -2 1 0 0 0 0 0 0 0 0 0
0 1 -1 1 0 0 0 0 0 0 0 1
0 0 1 -5 1 0 0 0 0 0 0 -3
0 0 0 1 -1 1 0 0 0 0 0 1
0 0 0 0 1 -3 1 0 0 0 0 -1
0 0 0 0 0 1 -2 1 0 0 0 0
0 0 0 0 0 0 1 -2 1 0 0 0
0 0 0 0 0 0 0 1 -1 0 1 1
1 0 0 0 0 0 0 0 0 -1 0 1
0 0 0 0 0 0 0 0 1 0 -12 -10
-1 0 1 -3 1 -1 0 0 1 1 -10 -1

# 690
10 1 1 10 0 12 -12 1 U
-4 1 0 1 1 0 0 0 0 0 0 -2
1 -1 1 0 0 0 0 0 0 0 0 1
0 1 -4 0 0 0 0 0 0 1 0 -2
1 0 0 -1 0 0 0 0 0 0 0 1
1 0 0 0 -1 0 0 0 0 0 0 1
0 0 0 0 0 -1 1 0 0 0 1 1
0 0 0 0 0 1 -2 1 0 0 0 0
0 0 0 0 0 0 1 -2 1 0 0 0
0 0 0 0 0 0 0 1 -3 1 0 -1
0 0 1 0 0 0 0 0 1 -1 0 1
0 0 0 0 0 1 0 0 0 0 -12 -10
-2 1 -2 1 1 1 0 0 -1 1 -10 -1

# 691
10 4 1 10 0 12 -12 2 N
-1 1 0 0 0 0 0 0 0 0 1 1
1 -2 1 0 0 0 0 0 0 0 0 0
0 1 -2 1 0 0 0 0 0 0 0 0
0 0 1 -2 1 0 0 0 0 0 0 0
0 0 0 1 -2 1 0 0 0 0 0 0
0 0 0 0 1 -2 1 0 0 0 0 0
0 0 0 0 0 1 -2 1 0 0 0 0
0 0 0 0 0 0 1 -2 1 0 0 0
0 0 0 0 0 0 0 1 -2 1 0 0
0 0 0 0 0 0 0 0 1 -1 1 1
1 0 0 0 0 0 0 0 0 1 -12 -10
1 0 0 0 0 0 0 0 0 1 -10 -1

# 692
10 4 1 10 0 12 -12 1 N
-4 0 0 0 0 1 0 0 0 1 0 -2
0 -1 1 0 0 0 0 0 0 0 1 1
0 1 -2 1 0 0 0 0 0 0 0 0
0 0 1 -2 1 0 0 0 0 0 0 0
0 0 0 1 -3 1 0 0 0 0 0 -1
1 0 0 0 1 -1 0 0 0 0 0 1
0 0 0 0 0 0 -2 0 1 0 0 0
0 0 0 0 0 0 0 -2 1 0 0 0
0 0 0 0 0 0 1 1 -3 1 0 -1
1 0 0 0 0 0 0 0 1 -1 0 1
0 1 0 0 0 0 0 0 0 0 -12 -10
-2 1 0 0 -1 1 0 0 -1 1 -10 -1

# 693
10 4 1 10 0 12 -12 1 N
-3 1 0 0 0 0 0 0 0 0 0 -1
1 -1 0 1 0 0 0 0 0 0 0 1
0 0 -1 1 0 0 0 0 0 1 0 1
0 1 1 -5 1 0 0 0 0 0 0 -3
0 0 0 1 -1 1 0 0 0 0 0 1
0 0 0 0 1 -3 1 0 0 0 0 -1
0 0 0 0 0 1 -2 1 0 0 0 0
0 0 0 0 0 0 1 -2 1 0 0 0
0 0 0 0 0 0 0 1 -1 0 1 1
0 0 1 0 0 0 0 0 0 -3 0 -1
0 0 0 0 0 0 0 0 1 0 -12 -10
-1 1 1 -3 1 -1 0 0 1 -1 -10 -1

# 694
10 4 1 10 0 12 -12 1 N
-2 1 0 0 0 0 0 0 1 1 0 0
1 -2 1 0 0 0 0 0 0 0 0 0
0 1 -2 1 0 0 0 0 0 0 0 0
0 0 1 -2 1 0 0 0 0 0 0 0
0 0 0 1 -2 1 0 0 0 0 0 0
0 0 0 0 1 -2 1 0 0 0 0 0
0 0 0 0 0 1 -2 1 0 0 0 0
0 0 0 0 0 0 1 -1 0 0 1 1
1 0 0 0 0 0 0 0 -2 0 0 0
1 0 0 0 0 0 0 0 0 -2 0 0
0 0 0 0 0 0 0 1 0 0 -12 -10
0 0 0 0 0 0 0 1 0 0 -10 -1

